Name,hermes.p.vmsub.zxpt.pi+
Comment,HERMES proton-to-pi+ (zxpt-3D) vmsub. thFactor contains DIS normalization (by MSHT20nnlo)
Reference,1212.5407
Process type,SIDIS
Number of points,336
Number of uncorr.errors,2
Number of corr.errors,1
Number of norm.errors,0
List of norm.errors (relative),
Total cross-section nomalized,False
List of points 
Point id,process id,s[GeV^2],<Q>[GeV],Qmin[GeV],Qmax[GeV],<x>,xMin,xMax,<z>,zMin,zMax,<pT>[GeV],pTMin[GeV],pTMax[GeV],xSec,Uncorr.Err.0,Uncorr.Err.1,Corr.Err.0,Th.Factor,FiducialCuts,yMin,yMax,W2min[GeV^2],W2max[GeV^2],TargetMass[GeV],ProductMass[GeV]
hermes.p.vmsub.zxpt.pi+.0,1 / 1 / 1 / 2001,52.657444,1.117911892771519,1.0,4.47213595499958,0.03758844,0.023,0.047,0.1522018,0.1,0.2,0.1105712,0.0,0.15,4.398481,0.0575923,0.3502936,0.11841848159041288,0.007760037288810543,True,0.1,0.85,10.0,10000.0,0.938,0.139
hermes.p.vmsub.zxpt.pi+.1,1 / 1 / 1 / 2001,52.657444,1.117911892771519,1.0,4.47213595499958,0.03758844,0.023,0.047,0.154622,0.1,0.2,0.2217933,0.15,0.25,8.759948,0.07195339,0.3143965,0.23584045059441522,0.011640055933215813,True,0.1,0.85,10.0,10000.0,0.938,0.139
hermes.p.vmsub.zxpt.pi+.2,1 / 1 / 1 / 2001,52.657444,1.117911892771519,1.0,4.47213595499958,0.03758844,0.023,0.047,0.1560952,0.1,0.2,0.327693,0.25,0.35,9.660459,0.07069932,0.5892676,0.26008453514893853,0.011640055933215815,True,0.1,0.85,10.0,10000.0,0.938,0.139
hermes.p.vmsub.zxpt.pi+.3,1 / 1 / 1 / 2001,52.657444,1.117911892771519,1.0,4.47213595499958,0.03758844,0.023,0.047,0.159801,0.1,0.2,0.4409912,0.35,0.45,7.843414,0.07098244,0.5820321,0.2111649854495192,0.011640055933215808,True,0.1,0.85,10.0,10000.0,0.938,0.139
hermes.p.vmsub.zxpt.pi+.4,1 / 1 / 1 / 2001,52.657444,1.117911892771519,1.0,4.47213595499958,0.03758844,0.023,0.047,0.1624893,0.1,0.2,0.5817642,0.45,0.6,4.778433,0.05917073,0.3199156,0.12864777186522378,0.007760037288810543,True,0.1,0.85,10.0,10000.0,0.938,0.139
hermes.p.vmsub.zxpt.pi+.5,1 / 1 / 1 / 2001,52.657444,1.117911892771519,1.0,4.47213595499958,0.03758844,0.023,0.047,0.1678483,0.1,0.2,0.792604,0.6,0.8,1.816914,0.05938146,0.09732278,0.04891602284069509,0.005820027966607904,True,0.1,0.85,10.0,10000.0,0.938,0.139
hermes.p.vmsub.zxpt.pi+.6,1 / 1 / 1 / 2001,52.657444,1.117911892771519,1.0,4.47213595499958,0.03758844,0.023,0.047,0.1928145,0.1,0.2,1.188888,0.8,1.2,0.233611,0.05825108,0.01268427,0.00628941216361238,0.002910013983303954,True,0.1,0.85,10.0,10000.0,0.938,0.139
hermes.p.vmsub.zxpt.pi+.7,1 / 1 / 1 / 2001,52.657444,1.117911892771519,1.0,4.47213595499958,0.03758844,0.023,0.047,0.2295056,0.2,0.25,0.1030673,0.0,0.15,2.244343,0.05731148,0.04568058,0.06042351671590079,0.015520074577621088,True,0.1,0.85,10.0,10000.0,0.938,0.139
hermes.p.vmsub.zxpt.pi+.8,1 / 1 / 1 / 2001,52.657444,1.117911892771519,1.0,4.47213595499958,0.03758844,0.023,0.047,0.2340181,0.2,0.25,0.2126745,0.15,0.25,4.108003,0.07584694,0.2288256,0.11059806274685757,0.023280111866431634,True,0.1,0.85,10.0,10000.0,0.938,0.139
hermes.p.vmsub.zxpt.pi+.9,1 / 1 / 1 / 2001,52.657444,1.117911892771519,1.0,4.47213595499958,0.03758844,0.023,0.047,0.2356541,0.2,0.25,0.3168787,0.25,0.35,5.008332,0.07431604,0.1559328,0.1348372473907869,0.023280111866431637,True,0.1,0.85,10.0,10000.0,0.938,0.139
hermes.p.vmsub.zxpt.pi+.10,1 / 1 / 1 / 2001,52.657444,1.117911892771519,1.0,4.47213595499958,0.03758844,0.023,0.047,0.2376523,0.2,0.25,0.4233895,0.35,0.45,4.733753,0.06526297,0.07204921,0.12744487073697983,0.023280111866431624,True,0.1,0.85,10.0,10000.0,0.938,0.139
hermes.p.vmsub.zxpt.pi+.11,1 / 1 / 1 / 2001,52.657444,1.117911892771519,1.0,4.47213595499958,0.03758844,0.023,0.047,0.241739,0.2,0.25,0.559272,0.45,0.6,3.224837,0.04425583,0.0625259,0.08682095044097775,0.015520074577621092,True,0.1,0.85,10.0,10000.0,0.938,0.139
hermes.p.vmsub.zxpt.pi+.12,1 / 1 / 1 / 2001,52.657444,1.117911892771519,1.0,4.47213595499958,0.03758844,0.023,0.047,0.2479694,0.2,0.25,0.7537638,0.6,0.8,1.324373,0.02904978,0.05430494,0.03565554556660353,0.011640055933215812,True,0.1,0.85,10.0,10000.0,0.938,0.139
hermes.p.vmsub.zxpt.pi+.13,1 / 1 / 1 / 2001,52.657444,1.117911892771519,1.0,4.47213595499958,0.03758844,0.023,0.047,0.2632606,0.25,0.3,1.082,0.8,1.2,0.2659796,0.01738906,0.01206328,0.007160858570498628,0.005820027966607909,True,0.1,0.85,10.0,10000.0,0.938,0.139
hermes.p.vmsub.zxpt.pi+.14,1 / 1 / 1 / 2001,52.657444,1.117911892771519,1.0,4.47213595499958,0.03758844,0.023,0.047,0.277677,0.25,0.3,0.1029642,0.0,0.15,1.235922,0.04732051,0.04861841,0.03327421594049997,0.015520074577621088,True,0.1,0.85,10.0,10000.0,0.938,0.139
hermes.p.vmsub.zxpt.pi+.15,1 / 1 / 1 / 2001,52.657444,1.117911892771519,1.0,4.47213595499958,0.03758844,0.023,0.047,0.2836573,0.25,0.3,0.2109934,0.15,0.25,2.711537,0.06425884,0.1027097,0.07300158721072646,0.023280111866431634,True,0.1,0.85,10.0,10000.0,0.938,0.139
hermes.p.vmsub.zxpt.pi+.16,1 / 1 / 1 / 2001,52.657444,1.117911892771519,1.0,4.47213595499958,0.03758844,0.023,0.047,0.284629,0.25,0.3,0.3130165,0.25,0.35,3.219059,0.06512536,0.1263213,0.08666539174091076,0.023280111866431637,True,0.1,0.85,10.0,10000.0,0.938,0.139
hermes.p.vmsub.zxpt.pi+.17,1 / 1 / 1 / 2001,52.657444,1.117911892771519,1.0,4.47213595499958,0.03758844,0.023,0.047,0.2877546,0.25,0.3,0.4189956,0.35,0.45,3.281044,0.05862157,0.1200799,0.08833418821437097,0.023280111866431624,True,0.1,0.85,10.0,10000.0,0.938,0.139
hermes.p.vmsub.zxpt.pi+.18,1 / 1 / 1 / 2001,52.657444,1.117911892771519,1.0,4.47213595499958,0.03758844,0.023,0.047,0.2907836,0.25,0.3,0.550485,0.45,0.6,2.465992,0.03846587,0.06599792,0.06639088090959253,0.015520074577621092,True,0.1,0.85,10.0,10000.0,0.938,0.139
hermes.p.vmsub.zxpt.pi+.19,1 / 1 / 1 / 2001,52.657444,1.117911892771519,1.0,4.47213595499958,0.03758844,0.023,0.047,0.2974947,0.25,0.3,0.7397019,0.6,0.8,1.09478,0.0232244,0.04578264,0.02947430835225893,0.011640055933215812,True,0.1,0.85,10.0,10000.0,0.938,0.139
hermes.p.vmsub.zxpt.pi+.20,1 / 1 / 1 / 2001,52.657444,1.117911892771519,1.0,4.47213595499958,0.03758844,0.023,0.047,0.3072802,0.3,0.375,1.037783,0.8,1.2,0.2272818,0.009951389,0.01047607,0.006119013734317802,0.0038800186444052716,True,0.1,0.85,10.0,10000.0,0.938,0.139
hermes.p.vmsub.zxpt.pi+.21,1 / 1 / 1 / 2001,52.657444,1.117911892771519,1.0,4.47213595499958,0.03758844,0.023,0.047,0.3362224,0.3,0.375,0.1042253,0.0,0.15,0.7750976,0.03141158,0.05641663,0.020867631547430397,0.010346716385080723,True,0.1,0.85,10.0,10000.0,0.938,0.139
hermes.p.vmsub.zxpt.pi+.22,1 / 1 / 1 / 2001,52.657444,1.117911892771519,1.0,4.47213595499958,0.03758844,0.023,0.047,0.3423433,0.3,0.375,0.2076161,0.15,0.25,1.650349,0.040979,0.09840671,0.04443166235667639,0.015520074577621083,True,0.1,0.85,10.0,10000.0,0.938,0.139
hermes.p.vmsub.zxpt.pi+.23,1 / 1 / 1 / 2001,52.657444,1.117911892771519,1.0,4.47213595499958,0.03758844,0.023,0.047,0.3437677,0.3,0.375,0.3105868,0.25,0.35,1.983833,0.04108793,0.1211118,0.05340991392004502,0.015520074577621086,True,0.1,0.85,10.0,10000.0,0.938,0.139
hermes.p.vmsub.zxpt.pi+.24,1 / 1 / 1 / 2001,52.657444,1.117911892771519,1.0,4.47213595499958,0.03758844,0.023,0.047,0.3460258,0.3,0.375,0.4137805,0.35,0.45,2.152717,0.04121599,0.1206081,0.05795670788025885,0.015520074577621076,True,0.1,0.85,10.0,10000.0,0.938,0.139
hermes.p.vmsub.zxpt.pi+.25,1 / 1 / 1 / 2001,52.657444,1.117911892771519,1.0,4.47213595499958,0.03758844,0.023,0.047,0.3496685,0.3,0.375,0.5444205,0.45,0.6,1.687232,0.02598778,0.0810132,0.04542464808436265,0.010346716385080723,True,0.1,0.85,10.0,10000.0,0.938,0.139
hermes.p.vmsub.zxpt.pi+.26,1 / 1 / 1 / 2001,52.657444,1.117911892771519,1.0,4.47213595499958,0.03758844,0.023,0.047,0.3548945,0.3,0.375,0.723579,0.6,0.8,0.904126,0.01601695,0.05212905,0.0243414097017615,0.007760037288810538,True,0.1,0.85,10.0,10000.0,0.938,0.139
hermes.p.vmsub.zxpt.pi+.27,1 / 1 / 1 / 2001,52.657444,1.117911892771519,1.0,4.47213595499958,0.03758844,0.023,0.047,0.360385,0.3,0.375,0.9972845,0.8,1.2,0.2078226,0.005986739,0.01215522,0.005595121755026733,0.0038800186444052716,True,0.1,0.85,10.0,10000.0,0.938,0.139
hermes.p.vmsub.zxpt.pi+.28,1 / 1 / 1 / 2001,52.657444,1.117911892771519,1.0,4.47213595499958,0.03758844,0.023,0.047,0.4218557,0.375,0.475,0.09982441,0.0,0.15,0.3853336,0.01861634,0.03709504,0.01037417686191381,0.007760037288810544,True,0.1,0.85,10.0,10000.0,0.938,0.139
hermes.p.vmsub.zxpt.pi+.29,1 / 1 / 1 / 2001,52.657444,1.117911892771519,1.0,4.47213595499958,0.03758844,0.023,0.047,0.4256206,0.375,0.475,0.2067432,0.15,0.25,0.8370742,0.02631391,0.06965969,0.022536201871170884,0.011640055933215817,True,0.1,0.85,10.0,10000.0,0.938,0.139
hermes.p.vmsub.zxpt.pi+.30,1 / 1 / 1 / 2001,52.657444,1.117911892771519,1.0,4.47213595499958,0.03758844,0.023,0.047,0.4297563,0.375,0.475,0.3092288,0.25,0.35,1.102652,0.02646648,0.09026769,0.029686242946742734,0.011640055933215819,True,0.1,0.85,10.0,10000.0,0.938,0.139
hermes.p.vmsub.zxpt.pi+.31,1 / 1 / 1 / 2001,52.657444,1.117911892771519,1.0,4.47213595499958,0.03758844,0.023,0.047,0.4297738,0.375,0.475,0.4094817,0.35,0.45,1.148115,0.02595521,0.09442826,0.03091022445957522,0.011640055933215812,True,0.1,0.85,10.0,10000.0,0.938,0.139
hermes.p.vmsub.zxpt.pi+.32,1 / 1 / 1 / 2001,52.657444,1.117911892771519,1.0,4.47213595499958,0.03758844,0.023,0.047,0.4325416,0.375,0.475,0.5355523,0.45,0.6,1.041669,0.01873286,0.07013874,0.028044422904135266,0.007760037288810546,True,0.1,0.85,10.0,10000.0,0.938,0.139
hermes.p.vmsub.zxpt.pi+.33,1 / 1 / 1 / 2001,52.657444,1.117911892771519,1.0,4.47213595499958,0.03758844,0.023,0.047,0.4359502,0.375,0.475,0.7101796,0.6,0.8,0.6300927,0.01117427,0.05322527,0.01696372470296076,0.005820027966607906,True,0.1,0.85,10.0,10000.0,0.938,0.139
hermes.p.vmsub.zxpt.pi+.34,1 / 1 / 1 / 2001,52.657444,1.117911892771519,1.0,4.47213595499958,0.03758844,0.023,0.047,0.4414493,0.375,0.475,0.9746915,0.8,1.2,0.1773205,0.004192903,0.01503451,0.004773926354314775,0.0029100139833039547,True,0.1,0.85,10.0,10000.0,0.938,0.139
hermes.p.vmsub.zxpt.pi+.35,1 / 1 / 1 / 2001,52.657444,1.117911892771519,1.0,4.47213595499958,0.03758844,0.023,0.047,0.5334359,0.475,0.6,0.1030419,0.0,0.15,0.1864647,0.0114619,0.0173026,0.0050201118623024316,0.006208029831048434,True,0.1,0.85,10.0,10000.0,0.938,0.139
hermes.p.vmsub.zxpt.pi+.36,1 / 1 / 1 / 2001,52.657444,1.117911892771519,1.0,4.47213595499958,0.03758844,0.023,0.047,0.5370032,0.475,0.6,0.2055688,0.15,0.25,0.4160929,0.01709015,0.05790516,0.011202296751663019,0.009312044746572651,True,0.1,0.85,10.0,10000.0,0.938,0.139
hermes.p.vmsub.zxpt.pi+.37,1 / 1 / 1 / 2001,52.657444,1.117911892771519,1.0,4.47213595499958,0.03758844,0.023,0.047,0.5377358,0.475,0.6,0.3056045,0.25,0.35,0.5467943,0.0166188,0.05340309,0.014721116391839066,0.009312044746572653,True,0.1,0.85,10.0,10000.0,0.938,0.139
hermes.p.vmsub.zxpt.pi+.38,1 / 1 / 1 / 2001,52.657444,1.117911892771519,1.0,4.47213595499958,0.03758844,0.023,0.047,0.5421495,0.475,0.6,0.4083209,0.35,0.45,0.5739435,0.01650444,0.05412963,0.015452043055019935,0.009312044746572648,True,0.1,0.85,10.0,10000.0,0.938,0.139
hermes.p.vmsub.zxpt.pi+.39,1 / 1 / 1 / 2001,52.657444,1.117911892771519,1.0,4.47213595499958,0.03758844,0.023,0.047,0.5419208,0.475,0.6,0.5321106,0.45,0.6,0.5183662,0.01157805,0.0432701,0.013955758433830288,0.006208029831048435,True,0.1,0.85,10.0,10000.0,0.938,0.139
hermes.p.vmsub.zxpt.pi+.40,1 / 1 / 1 / 2001,52.657444,1.117911892771519,1.0,4.47213595499958,0.03758844,0.023,0.047,0.5442552,0.475,0.6,0.7035105,0.6,0.8,0.3815261,0.008463532,0.03142291,0.010271669116931963,0.004656022373286324,True,0.1,0.85,10.0,10000.0,0.938,0.139
hermes.p.vmsub.zxpt.pi+.41,1 / 1 / 1 / 2001,52.657444,1.117911892771519,1.0,4.47213595499958,0.03758844,0.023,0.047,0.5456988,0.475,0.6,0.9611047,0.8,1.2,0.1247706,0.002969468,0.00988091,0.0033591471690169327,0.0023280111866431632,True,0.1,0.85,10.0,10000.0,0.938,0.139
hermes.p.vmsub.zxpt.pi+.42,1 / 1 / 1 / 2001,52.657444,1.117911892771519,1.0,4.47213595499958,0.03758844,0.023,0.047,0.6918871,0.6,0.8,0.10028,0.0,0.15,0.06791228,0.004461012,0.005860907,0.001828374177117729,0.00388001864440527,True,0.1,0.85,10.0,10000.0,0.938,0.139
hermes.p.vmsub.zxpt.pi+.43,1 / 1 / 1 / 2001,52.657444,1.117911892771519,1.0,4.47213595499958,0.03758844,0.023,0.047,0.6945797,0.6,0.8,0.2037743,0.15,0.25,0.151455,0.007098093,0.01634061,0.004077560214373094,0.005820027966607905,True,0.1,0.85,10.0,10000.0,0.938,0.139
hermes.p.vmsub.zxpt.pi+.44,1 / 1 / 1 / 2001,52.657444,1.117911892771519,1.0,4.47213595499958,0.03758844,0.023,0.047,0.6895546,0.6,0.8,0.3006263,0.25,0.35,0.2163805,0.007618241,0.01795227,0.005825522551029397,0.005820027966607906,True,0.1,0.85,10.0,10000.0,0.938,0.139
hermes.p.vmsub.zxpt.pi+.45,1 / 1 / 1 / 2001,52.657444,1.117911892771519,1.0,4.47213595499958,0.03758844,0.023,0.047,0.6884266,0.6,0.8,0.4009616,0.35,0.45,0.2630001,0.008126062,0.02443072,0.007080642726460964,0.005820027966607902,True,0.1,0.85,10.0,10000.0,0.938,0.139
hermes.p.vmsub.zxpt.pi+.46,1 / 1 / 1 / 2001,52.657444,1.117911892771519,1.0,4.47213595499958,0.03758844,0.023,0.047,0.6875906,0.6,0.8,0.5234161,0.45,0.6,0.2207993,0.005743167,0.01748933,0.00594448807263827,0.0038800186444052707,True,0.1,0.85,10.0,10000.0,0.938,0.139
hermes.p.vmsub.zxpt.pi+.47,1 / 1 / 1 / 2001,52.657444,1.117911892771519,1.0,4.47213595499958,0.03758844,0.023,0.047,0.6888948,0.6,0.8,0.6944425,0.6,0.8,0.1541157,0.004178244,0.01432282,0.0041491931380955365,0.002910013983303951,True,0.1,0.85,10.0,10000.0,0.938,0.139
hermes.p.vmsub.zxpt.pi+.48,1 / 1 / 1 / 2001,52.657444,1.117911892771519,1.0,4.47213595499958,0.03758844,0.023,0.047,0.6915313,0.6,0.8,0.9509999,0.8,1.2,0.0719919,0.001905074,0.006714713,0.0019382080961151916,0.0014550069916519765,True,0.1,0.85,10.0,10000.0,0.938,0.139
hermes.p.vmsub.zxpt.pi+.49,1 / 1 / 1 / 2001,52.657444,1.117911892771519,1.0,4.47213595499958,0.03758844,0.023,0.047,0.8865441,0.8,1.1,0.09783861,0.0,0.15,0.01690712,0.001243486,0.001473954,0.0004551833868253384,0.0025866790962701808,True,0.1,0.85,10.0,10000.0,0.938,0.139
hermes.p.vmsub.zxpt.pi+.50,1 / 1 / 1 / 2001,52.657444,1.117911892771519,1.0,4.47213595499958,0.03758844,0.023,0.047,0.8832255,0.8,1.1,0.1995942,0.15,0.25,0.03948312,0.002364752,0.004299907,0.0010629876811681265,0.0038800186444052707,True,0.1,0.85,10.0,10000.0,0.938,0.139
hermes.p.vmsub.zxpt.pi+.51,1 / 1 / 1 / 2001,52.657444,1.117911892771519,1.0,4.47213595499958,0.03758844,0.023,0.047,0.8754233,0.8,1.1,0.3019232,0.25,0.35,0.03785094,0.002549177,0.003174751,0.001019045175270695,0.0038800186444052716,True,0.1,0.85,10.0,10000.0,0.938,0.139
hermes.p.vmsub.zxpt.pi+.52,1 / 1 / 1 / 2001,52.657444,1.117911892771519,1.0,4.47213595499958,0.03758844,0.023,0.047,0.869965,0.8,1.1,0.3962695,0.35,0.45,0.03253449,0.002475532,0.003035402,0.0008759125946249333,0.003880018644405269,True,0.1,0.85,10.0,10000.0,0.938,0.139
hermes.p.vmsub.zxpt.pi+.53,1 / 1 / 1 / 2001,52.657444,1.117911892771519,1.0,4.47213595499958,0.03758844,0.023,0.047,0.8655884,0.8,1.1,0.520925,0.45,0.6,0.0290011,0.001901381,0.002261644,0.0007807845996042094,0.0025866790962701808,True,0.1,0.85,10.0,10000.0,0.938,0.139
hermes.p.vmsub.zxpt.pi+.54,1 / 1 / 1 / 2001,52.657444,1.117911892771519,1.0,4.47213595499958,0.03758844,0.023,0.047,0.8600547,0.8,1.1,0.6960213,0.6,0.8,0.02748611,0.001990377,0.002638824,0.0007399971515227787,0.0019400093222026345,True,0.1,0.85,10.0,10000.0,0.938,0.139
hermes.p.vmsub.zxpt.pi+.55,1 / 1 / 1 / 2001,52.657444,1.117911892771519,1.0,4.47213595499958,0.03758844,0.023,0.047,0.8724795,0.8,1.1,0.9375923,0.8,1.2,0.009875213,0.0008681028,0.0009482249,0.0002658662681143572,0.0009700046611013179,True,0.1,0.85,10.0,10000.0,0.938,0.139
hermes.p.vmsub.zxpt.pi+.56,1 / 1 / 1 / 2001,52.657444,1.2288104003466116,1.0,4.47213595499958,0.06109764,0.047,0.075,0.1439628,0.1,0.2,0.1046556,0.0,0.15,4.149637,0.04851267,0.3614001,0.08918528256605841,0.004390849192973372,True,0.1,0.85,10.0,10000.0,0.938,0.139
hermes.p.vmsub.zxpt.pi+.57,1 / 1 / 1 / 2001,52.657444,1.2288104003466116,1.0,4.47213595499958,0.06109764,0.047,0.075,0.1461407,0.1,0.2,0.2107767,0.15,0.25,8.321851,0.07377212,0.4390662,0.17885579700287899,0.006586273789460057,True,0.1,0.85,10.0,10000.0,0.938,0.139
hermes.p.vmsub.zxpt.pi+.58,1 / 1 / 1 / 2001,52.657444,1.2288104003466116,1.0,4.47213595499958,0.06109764,0.047,0.075,0.1486257,0.1,0.2,0.3112248,0.25,0.35,8.919035,0.07295733,0.7023697,0.19169066033765475,0.006586273789460058,True,0.1,0.85,10.0,10000.0,0.938,0.139
hermes.p.vmsub.zxpt.pi+.59,1 / 1 / 1 / 2001,52.657444,1.2288104003466116,1.0,4.47213595499958,0.06109764,0.047,0.075,0.1511631,0.1,0.2,0.4170074,0.35,0.45,6.819635,0.06962535,0.637001,0.1465697058495434,0.006586273789460055,True,0.1,0.85,10.0,10000.0,0.938,0.139
hermes.p.vmsub.zxpt.pi+.60,1 / 1 / 1 / 2001,52.657444,1.2288104003466116,1.0,4.47213595499958,0.06109764,0.047,0.075,0.1539638,0.1,0.2,0.5513599,0.45,0.6,3.808689,0.05753038,0.3485245,0.08185752263902564,0.004390849192973372,True,0.1,0.85,10.0,10000.0,0.938,0.139
hermes.p.vmsub.zxpt.pi+.61,1 / 1 / 1 / 2001,52.657444,1.2288104003466116,1.0,4.47213595499958,0.06109764,0.047,0.075,0.160855,0.1,0.2,0.7532439,0.6,0.8,1.339215,0.05651416,0.1551986,0.028782823218441493,0.0032931368947300274,True,0.1,0.85,10.0,10000.0,0.938,0.139
hermes.p.vmsub.zxpt.pi+.62,1 / 1 / 1 / 2001,52.657444,1.2288104003466116,1.0,4.47213595499958,0.06109764,0.047,0.075,0.1631639,0.1,0.2,0.9765577,0.8,1.2,0.1757946,0.04647643,0.02044723,0.0037782319452489966,0.0016465684473650146,True,0.1,0.85,10.0,10000.0,0.938,0.139
hermes.p.vmsub.zxpt.pi+.63,1 / 1 / 1 / 2001,52.657444,1.2288104003466116,1.0,4.47213595499958,0.06109764,0.047,0.075,0.2244163,0.2,0.25,0.1005013,0.0,0.15,1.878313,0.03199995,0.03954633,0.040369284265708266,0.008781698385946746,True,0.1,0.85,10.0,10000.0,0.938,0.139
hermes.p.vmsub.zxpt.pi+.64,1 / 1 / 1 / 2001,52.657444,1.2288104003466116,1.0,4.47213595499958,0.06109764,0.047,0.075,0.2253329,0.2,0.25,0.204955,0.15,0.25,4.124404,0.05948312,0.2462391,0.08864296712136063,0.013172547578920118,True,0.1,0.85,10.0,10000.0,0.938,0.139
hermes.p.vmsub.zxpt.pi+.65,1 / 1 / 1 / 2001,52.657444,1.2288104003466116,1.0,4.47213595499958,0.06109764,0.047,0.075,0.2268693,0.2,0.25,0.3041483,0.25,0.35,4.439646,0.06404949,0.08517738,0.09541824574131928,0.01317254757892012,True,0.1,0.85,10.0,10000.0,0.938,0.139
hermes.p.vmsub.zxpt.pi+.66,1 / 1 / 1 / 2001,52.657444,1.2288104003466116,1.0,4.47213595499958,0.06109764,0.047,0.075,0.2293571,0.2,0.25,0.4075722,0.35,0.45,4.028629,0.05776938,0.0985211,0.08658454118247386,0.013172547578920113,True,0.1,0.85,10.0,10000.0,0.938,0.139
hermes.p.vmsub.zxpt.pi+.67,1 / 1 / 1 / 2001,52.657444,1.2288104003466116,1.0,4.47213595499958,0.06109764,0.047,0.075,0.2306755,0.2,0.25,0.530455,0.45,0.6,2.63319,0.03927064,0.07808838,0.056593334356744775,0.008781698385946748,True,0.1,0.85,10.0,10000.0,0.938,0.139
hermes.p.vmsub.zxpt.pi+.68,1 / 1 / 1 / 2001,52.657444,1.2288104003466116,1.0,4.47213595499958,0.06109764,0.047,0.075,0.2357579,0.2,0.25,0.7163498,0.6,0.8,0.9940974,0.02574875,0.06472827,0.021365448957868842,0.0065862737894600565,True,0.1,0.85,10.0,10000.0,0.938,0.139
hermes.p.vmsub.zxpt.pi+.69,1 / 1 / 1 / 2001,52.657444,1.2288104003466116,1.0,4.47213595499958,0.06109764,0.047,0.075,0.2448666,0.2,0.25,0.9995748,0.8,1.2,0.1669947,0.01400781,0.01146282,0.003589101771199301,0.00329313689473003,True,0.1,0.85,10.0,10000.0,0.938,0.139
hermes.p.vmsub.zxpt.pi+.70,1 / 1 / 1 / 2001,52.657444,1.2288104003466116,1.0,4.47213595499958,0.06109764,0.047,0.075,0.2744124,0.25,0.3,0.1022416,0.0,0.15,1.266922,0.02631606,0.05984728,0.027229079690381557,0.008781698385946746,True,0.1,0.85,10.0,10000.0,0.938,0.139
hermes.p.vmsub.zxpt.pi+.71,1 / 1 / 1 / 2001,52.657444,1.2288104003466116,1.0,4.47213595499958,0.06109764,0.047,0.075,0.2757215,0.25,0.3,0.2044328,0.15,0.25,2.584207,0.04688609,0.07126972,0.05554057656228391,0.013172547578920118,True,0.1,0.85,10.0,10000.0,0.938,0.139
hermes.p.vmsub.zxpt.pi+.72,1 / 1 / 1 / 2001,52.657444,1.2288104003466116,1.0,4.47213595499958,0.06109764,0.047,0.075,0.2769695,0.25,0.3,0.303712,0.25,0.35,3.352864,0.05592559,0.113936,0.07206079067773033,0.01317254757892012,True,0.1,0.85,10.0,10000.0,0.938,0.139
hermes.p.vmsub.zxpt.pi+.73,1 / 1 / 1 / 2001,52.657444,1.2288104003466116,1.0,4.47213595499958,0.06109764,0.047,0.075,0.2782737,0.25,0.3,0.4052699,0.35,0.45,2.92594,0.05153085,0.08616773,0.06288520795224568,0.013172547578920113,True,0.1,0.85,10.0,10000.0,0.938,0.139
hermes.p.vmsub.zxpt.pi+.74,1 / 1 / 1 / 2001,52.657444,1.2288104003466116,1.0,4.47213595499958,0.06109764,0.047,0.075,0.2799357,0.25,0.3,0.5299184,0.45,0.6,2.131439,0.03413372,0.05572342,0.04580954659101915,0.008781698385946748,True,0.1,0.85,10.0,10000.0,0.938,0.139
hermes.p.vmsub.zxpt.pi+.75,1 / 1 / 1 / 2001,52.657444,1.2288104003466116,1.0,4.47213595499958,0.06109764,0.047,0.075,0.2843332,0.25,0.3,0.7068862,0.6,0.8,0.8179727,0.01918336,0.06095008,0.017580122401265875,0.0065862737894600565,True,0.1,0.85,10.0,10000.0,0.938,0.139
hermes.p.vmsub.zxpt.pi+.76,1 / 1 / 1 / 2001,52.657444,1.2288104003466116,1.0,4.47213595499958,0.06109764,0.047,0.075,0.2938136,0.25,0.3,0.9893213,0.8,1.2,0.1510974,0.008103495,0.01131006,0.0032474320799618745,0.00329313689473003,True,0.1,0.85,10.0,10000.0,0.938,0.139
hermes.p.vmsub.zxpt.pi+.77,1 / 1 / 1 / 2001,52.657444,1.2288104003466116,1.0,4.47213595499958,0.06109764,0.047,0.075,0.3339281,0.3,0.375,0.1016775,0.0,0.15,0.8566061,0.01652974,0.06232462,0.018410443389701145,0.005854465590631162,True,0.1,0.85,10.0,10000.0,0.938,0.139
hermes.p.vmsub.zxpt.pi+.78,1 / 1 / 1 / 2001,52.657444,1.2288104003466116,1.0,4.47213595499958,0.06109764,0.047,0.075,0.3360587,0.3,0.375,0.2036475,0.15,0.25,1.609826,0.0277831,0.07390163,0.034598878574725336,0.008781698385946743,True,0.1,0.85,10.0,10000.0,0.938,0.139
hermes.p.vmsub.zxpt.pi+.79,1 / 1 / 1 / 2001,52.657444,1.2288104003466116,1.0,4.47213595499958,0.06109764,0.047,0.075,0.3356573,0.3,0.375,0.3029124,0.25,0.35,2.126008,0.03402283,0.107621,0.045692821858321755,0.008781698385946744,True,0.1,0.85,10.0,10000.0,0.938,0.139
hermes.p.vmsub.zxpt.pi+.80,1 / 1 / 1 / 2001,52.657444,1.2288104003466116,1.0,4.47213595499958,0.06109764,0.047,0.075,0.3387938,0.3,0.375,0.4041802,0.35,0.45,2.055382,0.03499115,0.09630451,0.044174906010137814,0.008781698385946739,True,0.1,0.85,10.0,10000.0,0.938,0.139
hermes.p.vmsub.zxpt.pi+.81,1 / 1 / 1 / 2001,52.657444,1.2288104003466116,1.0,4.47213595499958,0.06109764,0.047,0.075,0.3402057,0.3,0.375,0.5251957,0.45,0.6,1.618897,0.02319289,0.06970424,0.03479383531387065,0.005854465590631162,True,0.1,0.85,10.0,10000.0,0.938,0.139
hermes.p.vmsub.zxpt.pi+.82,1 / 1 / 1 / 2001,52.657444,1.2288104003466116,1.0,4.47213595499958,0.06109764,0.047,0.075,0.3440027,0.3,0.375,0.6990415,0.6,0.8,0.7481596,0.0133194,0.02663298,0.01607967765144499,0.0043908491929733695,True,0.1,0.85,10.0,10000.0,0.938,0.139
hermes.p.vmsub.zxpt.pi+.83,1 / 1 / 1 / 2001,52.657444,1.2288104003466116,1.0,4.47213595499958,0.06109764,0.047,0.075,0.3489,0.3,0.375,0.9551124,0.8,1.2,0.1354049,0.004677611,0.004534121,0.0029101640137026157,0.002195424596486686,True,0.1,0.85,10.0,10000.0,0.938,0.139
hermes.p.vmsub.zxpt.pi+.84,1 / 1 / 1 / 2001,52.657444,1.2288104003466116,1.0,4.47213595499958,0.06109764,0.047,0.075,0.420689,0.375,0.475,0.100095,0.0,0.15,0.4151964,0.009427171,0.04132809,0.008923529517018046,0.004390849192973373,True,0.1,0.85,10.0,10000.0,0.938,0.139
hermes.p.vmsub.zxpt.pi+.85,1 / 1 / 1 / 2001,52.657444,1.2288104003466116,1.0,4.47213595499958,0.06109764,0.047,0.075,0.4215883,0.375,0.475,0.2040562,0.15,0.25,0.8607299,0.01681984,0.06100715,0.01849907337546759,0.006586273789460059,True,0.1,0.85,10.0,10000.0,0.938,0.139
hermes.p.vmsub.zxpt.pi+.86,1 / 1 / 1 / 2001,52.657444,1.2288104003466116,1.0,4.47213595499958,0.06109764,0.047,0.075,0.421739,0.375,0.475,0.3031614,0.25,0.35,1.142745,0.0205027,0.08206414,0.02456022917810652,0.00658627378946006,True,0.1,0.85,10.0,10000.0,0.938,0.139
hermes.p.vmsub.zxpt.pi+.87,1 / 1 / 1 / 2001,52.657444,1.2288104003466116,1.0,4.47213595499958,0.06109764,0.047,0.075,0.42331,0.375,0.475,0.4026312,0.35,0.45,1.240241,0.02221522,0.08346291,0.026655643381580326,0.0065862737894600565,True,0.1,0.85,10.0,10000.0,0.938,0.139
hermes.p.vmsub.zxpt.pi+.88,1 / 1 / 1 / 2001,52.657444,1.2288104003466116,1.0,4.47213595499958,0.06109764,0.047,0.075,0.4247528,0.375,0.475,0.5254365,0.45,0.6,0.9952719,0.01653363,0.06513938,0.02139069167533397,0.004390849192973374,True,0.1,0.85,10.0,10000.0,0.938,0.139
hermes.p.vmsub.zxpt.pi+.89,1 / 1 / 1 / 2001,52.657444,1.2288104003466116,1.0,4.47213595499958,0.06109764,0.047,0.075,0.4283257,0.375,0.475,0.6943366,0.6,0.8,0.5650223,0.01002114,0.02353365,0.012143634125496813,0.0032931368947300282,True,0.1,0.85,10.0,10000.0,0.938,0.139
hermes.p.vmsub.zxpt.pi+.90,1 / 1 / 1 / 2001,52.657444,1.2288104003466116,1.0,4.47213595499958,0.06109764,0.047,0.075,0.4298014,0.375,0.475,0.939073,0.8,1.2,0.1213604,0.003242603,0.004989411,0.00260831527343955,0.001646568447365015,True,0.1,0.85,10.0,10000.0,0.938,0.139
hermes.p.vmsub.zxpt.pi+.91,1 / 1 / 1 / 2001,52.657444,1.2288104003466116,1.0,4.47213595499958,0.06109764,0.047,0.075,0.5330683,0.475,0.6,0.1022494,0.0,0.15,0.1920918,0.005554337,0.01837577,0.0041284964110409605,0.0035126793543786973,True,0.1,0.85,10.0,10000.0,0.938,0.139
hermes.p.vmsub.zxpt.pi+.92,1 / 1 / 1 / 2001,52.657444,1.2288104003466116,1.0,4.47213595499958,0.06109764,0.047,0.075,0.5321879,0.475,0.6,0.2038958,0.15,0.25,0.4482693,0.01073158,0.03819241,0.009634342518680358,0.005269019031568046,True,0.1,0.85,10.0,10000.0,0.938,0.139
hermes.p.vmsub.zxpt.pi+.93,1 / 1 / 1 / 2001,52.657444,1.2288104003466116,1.0,4.47213595499958,0.06109764,0.047,0.075,0.5329974,0.475,0.6,0.3032505,0.25,0.35,0.5678873,0.01250871,0.05072162,0.01220520959211034,0.005269019031568047,True,0.1,0.85,10.0,10000.0,0.938,0.139
hermes.p.vmsub.zxpt.pi+.94,1 / 1 / 1 / 2001,52.657444,1.2288104003466116,1.0,4.47213595499958,0.06109764,0.047,0.075,0.5337538,0.475,0.6,0.4022492,0.35,0.45,0.6311119,0.01382656,0.0530843,0.013564052261029576,0.005269019031568044,True,0.1,0.85,10.0,10000.0,0.938,0.139
hermes.p.vmsub.zxpt.pi+.95,1 / 1 / 1 / 2001,52.657444,1.2288104003466116,1.0,4.47213595499958,0.06109764,0.047,0.075,0.5350361,0.475,0.6,0.5239429,0.45,0.6,0.5713571,0.0109987,0.04205448,0.012279783607487518,0.003512679354378698,True,0.1,0.85,10.0,10000.0,0.938,0.139
hermes.p.vmsub.zxpt.pi+.96,1 / 1 / 1 / 2001,52.657444,1.2288104003466116,1.0,4.47213595499958,0.06109764,0.047,0.075,0.5369338,0.475,0.6,0.6922812,0.6,0.8,0.363164,0.007609823,0.03420213,0.007805233074078536,0.002634509515784022,True,0.1,0.85,10.0,10000.0,0.938,0.139
hermes.p.vmsub.zxpt.pi+.97,1 / 1 / 1 / 2001,52.657444,1.2288104003466116,1.0,4.47213595499958,0.06109764,0.047,0.075,0.5401394,0.475,0.6,0.943231,0.8,1.2,0.101539,0.002580803,0.009445741,0.002182307610635582,0.0013172547578920116,True,0.1,0.85,10.0,10000.0,0.938,0.139
hermes.p.vmsub.zxpt.pi+.98,1 / 1 / 1 / 2001,52.657444,1.2288104003466116,1.0,4.47213595499958,0.06109764,0.047,0.075,0.6933607,0.6,0.8,0.1037416,0.0,0.15,0.07158337,0.002521923,0.00895479,0.0015384919404952066,0.002195424596486685,True,0.1,0.85,10.0,10000.0,0.938,0.139
hermes.p.vmsub.zxpt.pi+.99,1 / 1 / 1 / 2001,52.657444,1.2288104003466116,1.0,4.47213595499958,0.06109764,0.047,0.075,0.6930896,0.6,0.8,0.2040687,0.15,0.25,0.1805016,0.004911452,0.01519455,0.003879396245894677,0.003293136894730028,True,0.1,0.85,10.0,10000.0,0.938,0.139
hermes.p.vmsub.zxpt.pi+.100,1 / 1 / 1 / 2001,52.657444,1.2288104003466116,1.0,4.47213595499958,0.06109764,0.047,0.075,0.6890674,0.6,0.8,0.3026606,0.25,0.35,0.2451091,0.005816092,0.02191109,0.005267960629571277,0.0032931368947300282,True,0.1,0.85,10.0,10000.0,0.938,0.139
hermes.p.vmsub.zxpt.pi+.101,1 / 1 / 1 / 2001,52.657444,1.2288104003466116,1.0,4.47213595499958,0.06109764,0.047,0.075,0.6888851,0.6,0.8,0.4009793,0.35,0.45,0.2773447,0.006654352,0.02647104,0.0059607781205196254,0.0032931368947300265,True,0.1,0.85,10.0,10000.0,0.938,0.139
hermes.p.vmsub.zxpt.pi+.102,1 / 1 / 1 / 2001,52.657444,1.2288104003466116,1.0,4.47213595499958,0.06109764,0.047,0.075,0.6880571,0.6,0.8,0.5228719,0.45,0.6,0.2626355,0.005152377,0.02194465,0.005644643442156033,0.0021954245964866856,True,0.1,0.85,10.0,10000.0,0.938,0.139
hermes.p.vmsub.zxpt.pi+.103,1 / 1 / 1 / 2001,52.657444,1.2288104003466116,1.0,4.47213595499958,0.06109764,0.047,0.075,0.6864068,0.6,0.8,0.6920238,0.6,0.8,0.1878443,0.0039867,0.01333579,0.004037207826593855,0.0016465684473650133,True,0.1,0.85,10.0,10000.0,0.938,0.139
hermes.p.vmsub.zxpt.pi+.104,1 / 1 / 1 / 2001,52.657444,1.2288104003466116,1.0,4.47213595499958,0.06109764,0.047,0.075,0.6928279,0.6,0.8,0.9422052,0.8,1.2,0.06806813,0.001644233,0.004719523,0.0014629413145759971,0.0008232842236825071,True,0.1,0.85,10.0,10000.0,0.938,0.139
hermes.p.vmsub.zxpt.pi+.105,1 / 1 / 1 / 2001,52.657444,1.2288104003466116,1.0,4.47213595499958,0.06109764,0.047,0.075,0.8912224,0.8,1.1,0.1017844,0.0,0.15,0.03031867,0.0009866263,0.003799432,0.0006516182381680802,0.0014636163976577904,True,0.1,0.85,10.0,10000.0,0.938,0.139
hermes.p.vmsub.zxpt.pi+.106,1 / 1 / 1 / 2001,52.657444,1.2288104003466116,1.0,4.47213595499958,0.06109764,0.047,0.075,0.8911835,0.8,1.1,0.2028534,0.15,0.25,0.0567382,0.001890317,0.004817593,0.001219434952813833,0.0021954245964866856,True,0.1,0.85,10.0,10000.0,0.938,0.139
hermes.p.vmsub.zxpt.pi+.107,1 / 1 / 1 / 2001,52.657444,1.2288104003466116,1.0,4.47213595499958,0.06109764,0.047,0.075,0.8830122,0.8,1.1,0.3029169,0.25,0.35,0.06346298,0.002106109,0.005729406,0.001363966005649196,0.002195424596486686,True,0.1,0.85,10.0,10000.0,0.938,0.139
hermes.p.vmsub.zxpt.pi+.108,1 / 1 / 1 / 2001,52.657444,1.2288104003466116,1.0,4.47213595499958,0.06109764,0.047,0.075,0.877764,0.8,1.1,0.398702,0.35,0.45,0.05766976,0.002161715,0.005704664,0.001239456328617846,0.0021954245964866848,True,0.1,0.85,10.0,10000.0,0.938,0.139
hermes.p.vmsub.zxpt.pi+.109,1 / 1 / 1 / 2001,52.657444,1.2288104003466116,1.0,4.47213595499958,0.06109764,0.047,0.075,0.8732491,0.8,1.1,0.5221064,0.45,0.6,0.04845716,0.001686737,0.004126846,0.0010414562784524773,0.0014636163976577904,True,0.1,0.85,10.0,10000.0,0.938,0.139
hermes.p.vmsub.zxpt.pi+.110,1 / 1 / 1 / 2001,52.657444,1.2288104003466116,1.0,4.47213595499958,0.06109764,0.047,0.075,0.8696478,0.8,1.1,0.6880977,0.6,0.8,0.03899512,0.001503379,0.002877242,0.0008380951866144811,0.0010977122982433424,True,0.1,0.85,10.0,10000.0,0.938,0.139
hermes.p.vmsub.zxpt.pi+.111,1 / 1 / 1 / 2001,52.657444,1.2288104003466116,1.0,4.47213595499958,0.06109764,0.047,0.075,0.8594673,0.8,1.1,0.923145,0.8,1.2,0.01481105,0.0006940085,0.001072195,0.0003183236700824721,0.0005488561491216715,True,0.1,0.85,10.0,10000.0,0.938,0.139
hermes.p.vmsub.zxpt.pi+.112,1 / 1 / 1 / 2001,52.657444,1.3493231636639162,1.0,4.47213595499958,0.09573812,0.075,0.12,0.1410092,0.1,0.2,0.1017843,0.0,0.15,3.922566,0.04842312,0.3721316,0.07395562983343103,0.003076587332639371,True,0.1,0.85,10.0,10000.0,0.938,0.139
hermes.p.vmsub.zxpt.pi+.113,1 / 1 / 1 / 2001,52.657444,1.3493231636639162,1.0,4.47213595499958,0.09573812,0.075,0.12,0.1428506,0.1,0.2,0.2056595,0.15,0.25,7.915349,0.08358053,0.6017225,0.14923512329592886,0.004614880998959056,True,0.1,0.85,10.0,10000.0,0.938,0.139
hermes.p.vmsub.zxpt.pi+.114,1 / 1 / 1 / 2001,52.657444,1.3493231636639162,1.0,4.47213595499958,0.09573812,0.075,0.12,0.1450221,0.1,0.2,0.3033441,0.25,0.35,8.053513,0.08259437,0.8149226,0.151840052222633,0.004614880998959057,True,0.1,0.85,10.0,10000.0,0.938,0.139
hermes.p.vmsub.zxpt.pi+.115,1 / 1 / 1 / 2001,52.657444,1.3493231636639162,1.0,4.47213595499958,0.09573812,0.075,0.12,0.1467733,0.1,0.2,0.4052146,0.35,0.45,5.970528,0.07421384,0.7066548,0.11256768112458408,0.004614880998959054,True,0.1,0.85,10.0,10000.0,0.938,0.139
hermes.p.vmsub.zxpt.pi+.116,1 / 1 / 1 / 2001,52.657444,1.3493231636639162,1.0,4.47213595499958,0.09573812,0.075,0.12,0.1479921,0.1,0.2,0.5275755,0.45,0.6,3.305935,0.05815857,0.3909224,0.06232973648203339,0.003076587332639371,True,0.1,0.85,10.0,10000.0,0.938,0.139
hermes.p.vmsub.zxpt.pi+.117,1 / 1 / 1 / 2001,52.657444,1.3493231636639162,1.0,4.47213595499958,0.09573812,0.075,0.12,0.152725,0.1,0.2,0.7063248,0.6,0.8,1.071418,0.05394521,0.1007391,0.02020039764910903,0.002307440499479527,True,0.1,0.85,10.0,10000.0,0.938,0.139
hermes.p.vmsub.zxpt.pi+.118,1 / 1 / 1 / 2001,52.657444,1.3503373652535873,1.0,4.47213595499958,0.09574256,0.075,0.12,0.1634441,0.1,0.2,0.9341316,0.8,1.2,0.1103468,0.03851352,0.01130383,0.0020804664839555653,0.0011537202497397642,True,0.1,0.85,10.0,10000.0,0.938,0.139
hermes.p.vmsub.zxpt.pi+.119,1 / 1 / 1 / 2001,52.657444,1.3493231636639162,1.0,4.47213595499958,0.09573812,0.075,0.12,0.2237901,0.2,0.25,0.1015379,0.0,0.15,1.819139,0.02950899,0.07050891,0.034297847505831106,0.006153174665278743,True,0.1,0.85,10.0,10000.0,0.938,0.139
hermes.p.vmsub.zxpt.pi+.120,1 / 1 / 1 / 2001,52.657444,1.3493231636639162,1.0,4.47213595499958,0.09573812,0.075,0.12,0.2241223,0.2,0.25,0.2031645,0.15,0.25,3.725523,0.05920246,0.1146394,0.07024060268812136,0.009229761997918114,True,0.1,0.85,10.0,10000.0,0.938,0.139
hermes.p.vmsub.zxpt.pi+.121,1 / 1 / 1 / 2001,52.657444,1.3493231636639162,1.0,4.47213595499958,0.09573812,0.075,0.12,0.2250223,0.2,0.25,0.301742,0.25,0.35,4.605386,0.07266724,0.1355365,0.08682944334297131,0.009229761997918116,True,0.1,0.85,10.0,10000.0,0.938,0.139
hermes.p.vmsub.zxpt.pi+.122,1 / 1 / 1 / 2001,52.657444,1.3493231636639162,1.0,4.47213595499958,0.09573812,0.075,0.12,0.2255493,0.2,0.25,0.3997225,0.35,0.45,3.734409,0.0623364,0.1188157,0.07040813835908263,0.00922976199791811,True,0.1,0.85,10.0,10000.0,0.938,0.139
hermes.p.vmsub.zxpt.pi+.123,1 / 1 / 1 / 2001,52.657444,1.3493231636639162,1.0,4.47213595499958,0.09573812,0.075,0.12,0.2267088,0.2,0.25,0.5209727,0.45,0.6,2.191509,0.0375852,0.08959276,0.041318470710405536,0.006153174665278744,True,0.1,0.85,10.0,10000.0,0.938,0.139
hermes.p.vmsub.zxpt.pi+.124,1 / 1 / 1 / 2001,52.657444,1.3493231636639162,1.0,4.47213595499958,0.09573812,0.075,0.12,0.2299627,0.2,0.25,0.6981484,0.6,0.8,0.7670982,0.02425398,0.07365823,0.01446278546367129,0.004614880998959055,True,0.1,0.85,10.0,10000.0,0.938,0.139
hermes.p.vmsub.zxpt.pi+.125,1 / 1 / 1 / 2001,52.657444,1.3493231636639162,1.0,4.47213595499958,0.09573812,0.075,0.12,0.2377438,0.2,0.25,0.9619584,0.8,1.2,0.1511233,0.01323798,0.01447637,0.0028492621498291035,0.002307440499479529,True,0.1,0.85,10.0,10000.0,0.938,0.139
hermes.p.vmsub.zxpt.pi+.126,1 / 1 / 1 / 2001,52.657444,1.3493231636639162,1.0,4.47213595499958,0.09573812,0.075,0.12,0.2746311,0.25,0.3,0.1018513,0.0,0.15,1.245694,0.02300799,0.04800808,0.023486178269460867,0.006153174665278743,True,0.1,0.85,10.0,10000.0,0.938,0.139
hermes.p.vmsub.zxpt.pi+.127,1 / 1 / 1 / 2001,52.657444,1.3493231636639162,1.0,4.47213595499958,0.09573812,0.075,0.12,0.2739591,0.25,0.3,0.203093,0.15,0.25,2.529094,0.04509113,0.07933437,0.04768326133402253,0.009229761997918114,True,0.1,0.85,10.0,10000.0,0.938,0.139
hermes.p.vmsub.zxpt.pi+.128,1 / 1 / 1 / 2001,52.657444,1.3493231636639162,1.0,4.47213595499958,0.09573812,0.075,0.12,0.2744155,0.25,0.3,0.3017068,0.25,0.35,3.212425,0.05788474,0.0955962,0.06056670918160706,0.009229761997918116,True,0.1,0.85,10.0,10000.0,0.938,0.139
hermes.p.vmsub.zxpt.pi+.129,1 / 1 / 1 / 2001,52.657444,1.3493231636639162,1.0,4.47213595499958,0.09573812,0.075,0.12,0.2751558,0.25,0.3,0.399512,0.35,0.45,2.933015,0.05695052,0.04487816,0.05529874363768531,0.00922976199791811,True,0.1,0.85,10.0,10000.0,0.938,0.139
hermes.p.vmsub.zxpt.pi+.130,1 / 1 / 1 / 2001,52.657444,1.3493231636639162,1.0,4.47213595499958,0.09573812,0.075,0.12,0.2759994,0.25,0.3,0.5197482,0.45,0.6,1.772644,0.03320128,0.03837505,0.0334212358671473,0.006153174665278744,True,0.1,0.85,10.0,10000.0,0.938,0.139
hermes.p.vmsub.zxpt.pi+.131,1 / 1 / 1 / 2001,52.657444,1.3493231636639162,1.0,4.47213595499958,0.09573812,0.075,0.12,0.2778115,0.25,0.3,0.6866005,0.6,0.8,0.6670426,0.01825857,0.02676758,0.012576348137604162,0.004614880998959055,True,0.1,0.85,10.0,10000.0,0.938,0.139
hermes.p.vmsub.zxpt.pi+.132,1 / 1 / 1 / 2001,52.657444,1.3493231636639162,1.0,4.47213595499958,0.09573812,0.075,0.12,0.2801205,0.25,0.3,0.9370765,0.8,1.2,0.1106974,0.007215124,0.00508859,0.002087076657964008,0.002307440499479529,True,0.1,0.85,10.0,10000.0,0.938,0.139
hermes.p.vmsub.zxpt.pi+.133,1 / 1 / 1 / 2001,52.657444,1.3493231636639162,1.0,4.47213595499958,0.09573812,0.075,0.12,0.3342592,0.3,0.375,0.1003825,0.0,0.15,0.7828081,0.01346774,0.05951366,0.014758978197998825,0.004102116443519161,True,0.1,0.85,10.0,10000.0,0.938,0.139
hermes.p.vmsub.zxpt.pi+.134,1 / 1 / 1 / 2001,52.657444,1.3493231636639162,1.0,4.47213595499958,0.09573812,0.075,0.12,0.3343179,0.3,0.375,0.2034839,0.15,0.25,1.673167,0.02632323,0.05029845,0.03154570740212206,0.00615317466527874,True,0.1,0.85,10.0,10000.0,0.938,0.139
hermes.p.vmsub.zxpt.pi+.135,1 / 1 / 1 / 2001,52.657444,1.3493231636639162,1.0,4.47213595499958,0.09573812,0.075,0.12,0.3347903,0.3,0.375,0.3006798,0.25,0.35,2.037324,0.0336587,0.07436715,0.038411483604040064,0.006153174665278742,True,0.1,0.85,10.0,10000.0,0.938,0.139
hermes.p.vmsub.zxpt.pi+.136,1 / 1 / 1 / 2001,52.657444,1.3493231636639162,1.0,4.47213595499958,0.09573812,0.075,0.12,0.3365123,0.3,0.375,0.4007954,0.35,0.45,2.011549,0.03664382,0.06470788,0.0379255245764656,0.0061531746652787375,True,0.1,0.85,10.0,10000.0,0.938,0.139
hermes.p.vmsub.zxpt.pi+.137,1 / 1 / 1 / 2001,52.657444,1.3493231636639162,1.0,4.47213595499958,0.09573812,0.075,0.12,0.3370449,0.3,0.375,0.5195907,0.45,0.6,1.416043,0.02326985,0.03794029,0.026697919661828804,0.004102116443519161,True,0.1,0.85,10.0,10000.0,0.938,0.139
hermes.p.vmsub.zxpt.pi+.138,1 / 1 / 1 / 2001,52.657444,1.3493231636639162,1.0,4.47213595499958,0.09573812,0.075,0.12,0.3378232,0.3,0.375,0.6857118,0.6,0.8,0.5740146,0.01196952,0.01925563,0.010822408412397646,0.0030765873326393687,True,0.1,0.85,10.0,10000.0,0.938,0.139
hermes.p.vmsub.zxpt.pi+.139,1 / 1 / 1 / 2001,52.657444,1.3493231636639162,1.0,4.47213595499958,0.09573812,0.075,0.12,0.3420251,0.3,0.375,0.9335902,0.8,1.2,0.09644445,0.003952474,0.003476636,0.0018183530993968865,0.0015382936663196854,True,0.1,0.85,10.0,10000.0,0.938,0.139
hermes.p.vmsub.zxpt.pi+.140,1 / 1 / 1 / 2001,52.657444,1.3493231636639162,1.0,4.47213595499958,0.09573812,0.075,0.12,0.4195182,0.375,0.475,0.1004534,0.0,0.15,0.4349107,0.008927437,0.04312838,0.008199758714014849,0.0030765873326393713,True,0.1,0.85,10.0,10000.0,0.938,0.139
hermes.p.vmsub.zxpt.pi+.141,1 / 1 / 1 / 2001,52.657444,1.3493231636639162,1.0,4.47213595499958,0.09573812,0.075,0.12,0.4202932,0.375,0.475,0.2036825,0.15,0.25,0.9660701,0.01658609,0.05175308,0.01821417987836169,0.004614880998959057,True,0.1,0.85,10.0,10000.0,0.938,0.139
hermes.p.vmsub.zxpt.pi+.142,1 / 1 / 1 / 2001,52.657444,1.3493231636639162,1.0,4.47213595499958,0.09573812,0.075,0.12,0.4211114,0.375,0.475,0.3010032,0.25,0.35,1.163802,0.02033334,0.06547433,0.021942195468835118,0.004614880998959058,True,0.1,0.85,10.0,10000.0,0.938,0.139
hermes.p.vmsub.zxpt.pi+.143,1 / 1 / 1 / 2001,52.657444,1.3493231636639162,1.0,4.47213595499958,0.09573812,0.075,0.12,0.4208069,0.375,0.475,0.4003975,0.35,0.45,1.112917,0.02247032,0.05869091,0.020982815250867048,0.004614880998959055,True,0.1,0.85,10.0,10000.0,0.938,0.139
hermes.p.vmsub.zxpt.pi+.144,1 / 1 / 1 / 2001,52.657444,1.3493231636639162,1.0,4.47213595499958,0.09573812,0.075,0.12,0.4224161,0.375,0.475,0.5205,0.45,0.6,0.9656083,0.0172756,0.04345847,0.018205473151729917,0.003076587332639372,True,0.1,0.85,10.0,10000.0,0.938,0.139
hermes.p.vmsub.zxpt.pi+.145,1 / 1 / 1 / 2001,52.657444,1.3493231636639162,1.0,4.47213595499958,0.09573812,0.075,0.12,0.4247426,0.375,0.475,0.684396,0.6,0.8,0.4385229,0.009386784,0.01489493,0.008267862737270116,0.0023074404994795276,True,0.1,0.85,10.0,10000.0,0.938,0.139
hermes.p.vmsub.zxpt.pi+.146,1 / 1 / 1 / 2001,52.657444,1.3493231636639162,1.0,4.47213595499958,0.09573812,0.075,0.12,0.4297289,0.375,0.475,0.9340595,0.8,1.2,0.08728561,0.002810882,0.002666555,0.0016456733329522628,0.0011537202497397645,True,0.1,0.85,10.0,10000.0,0.938,0.139
hermes.p.vmsub.zxpt.pi+.147,1 / 1 / 1 / 2001,52.657444,1.3493231636639162,1.0,4.47213595499958,0.09573812,0.075,0.12,0.5332304,0.475,0.6,0.102859,0.0,0.15,0.219937,0.005573941,0.02119116,0.004146668114360682,0.0024612698661114966,True,0.1,0.85,10.0,10000.0,0.938,0.139
hermes.p.vmsub.zxpt.pi+.148,1 / 1 / 1 / 2001,52.657444,1.3493231636639162,1.0,4.47213595499958,0.09573812,0.075,0.12,0.5315024,0.475,0.6,0.2034328,0.15,0.25,0.4743345,0.01036545,0.03306089,0.008943050722212345,0.0036919047991672447,True,0.1,0.85,10.0,10000.0,0.938,0.139
hermes.p.vmsub.zxpt.pi+.149,1 / 1 / 1 / 2001,52.657444,1.3493231636639162,1.0,4.47213595499958,0.09573812,0.075,0.12,0.5314655,0.475,0.6,0.3020748,0.25,0.35,0.5854665,0.01253122,0.0419014,0.01103832128098659,0.0036919047991672456,True,0.1,0.85,10.0,10000.0,0.938,0.139
hermes.p.vmsub.zxpt.pi+.150,1 / 1 / 1 / 2001,52.657444,1.3493231636639162,1.0,4.47213595499958,0.09573812,0.075,0.12,0.5327436,0.475,0.6,0.400492,0.35,0.45,0.6530008,0.01423228,0.045002,0.012311605578015599,0.0036919047991672434,True,0.1,0.85,10.0,10000.0,0.938,0.139
hermes.p.vmsub.zxpt.pi+.151,1 / 1 / 1 / 2001,52.657444,1.3493231636639162,1.0,4.47213595499958,0.09573812,0.075,0.12,0.5337797,0.475,0.6,0.5206743,0.45,0.6,0.5735478,0.01147411,0.03612657,0.010813607416313388,0.002461269866111497,True,0.1,0.85,10.0,10000.0,0.938,0.139
hermes.p.vmsub.zxpt.pi+.152,1 / 1 / 1 / 2001,52.657444,1.3493231636639162,1.0,4.47213595499958,0.09573812,0.075,0.12,0.5366226,0.475,0.6,0.6890582,0.6,0.8,0.3891771,0.008785122,0.01580043,0.007337502427555883,0.0018459523995836217,True,0.1,0.85,10.0,10000.0,0.938,0.139
hermes.p.vmsub.zxpt.pi+.153,1 / 1 / 1 / 2001,52.657444,1.3493231636639162,1.0,4.47213595499958,0.09573812,0.075,0.12,0.5397119,0.475,0.6,0.9240923,0.8,1.2,0.08596183,0.002492508,0.00396202,0.0016207149297894098,0.0009229761997918114,True,0.1,0.85,10.0,10000.0,0.938,0.139
hermes.p.vmsub.zxpt.pi+.154,1 / 1 / 1 / 2001,52.657444,1.3493231636639162,1.0,4.47213595499958,0.09573812,0.075,0.12,0.6960489,0.6,0.8,0.1013834,0.0,0.15,0.09208025,0.003235859,0.009732379,0.0017360709504874584,0.0015382936663196848,True,0.1,0.85,10.0,10000.0,0.938,0.139
hermes.p.vmsub.zxpt.pi+.155,1 / 1 / 1 / 2001,52.657444,1.3493231636639162,1.0,4.47213595499958,0.09573812,0.075,0.12,0.6945094,0.6,0.8,0.2034764,0.15,0.25,0.2169941,0.006197709,0.01429619,0.004091183000015428,0.002307440499479527,True,0.1,0.85,10.0,10000.0,0.938,0.139
hermes.p.vmsub.zxpt.pi+.156,1 / 1 / 1 / 2001,52.657444,1.3493231636639162,1.0,4.47213595499958,0.09573812,0.075,0.12,0.6939175,0.6,0.8,0.3011317,0.25,0.35,0.290837,0.007392037,0.02485423,0.005483408950637308,0.0023074404994795276,True,0.1,0.85,10.0,10000.0,0.938,0.139
hermes.p.vmsub.zxpt.pi+.157,1 / 1 / 1 / 2001,52.657444,1.3493231636639162,1.0,4.47213595499958,0.09573812,0.075,0.12,0.6905711,0.6,0.8,0.3995299,0.35,0.45,0.3100841,0.007716204,0.02980987,0.005846291666432791,0.0023074404994795263,True,0.1,0.85,10.0,10000.0,0.938,0.139
hermes.p.vmsub.zxpt.pi+.158,1 / 1 / 1 / 2001,52.657444,1.3493231636639162,1.0,4.47213595499958,0.09573812,0.075,0.12,0.6903756,0.6,0.8,0.5228322,0.45,0.6,0.3175683,0.006440214,0.02638624,0.0059873979536945905,0.001538293666319685,True,0.1,0.85,10.0,10000.0,0.938,0.139
hermes.p.vmsub.zxpt.pi+.159,1 / 1 / 1 / 2001,52.657444,1.3493231636639162,1.0,4.47213595499958,0.09573812,0.075,0.12,0.6890572,0.6,0.8,0.6909232,0.6,0.8,0.2339074,0.00525455,0.01266567,0.004410064506167719,0.0011537202497397632,True,0.1,0.85,10.0,10000.0,0.938,0.139
hermes.p.vmsub.zxpt.pi+.160,1 / 1 / 1 / 2001,52.657444,1.3493231636639162,1.0,4.47213595499958,0.09573812,0.075,0.12,0.6948838,0.6,0.8,0.9272209,0.8,1.2,0.07285214,0.001969714,0.00414907,0.0013735462700725223,0.0005768601248698819,True,0.1,0.85,10.0,10000.0,0.938,0.139
hermes.p.vmsub.zxpt.pi+.161,1 / 1 / 1 / 2001,52.657444,1.3493231636639162,1.0,4.47213595499958,0.09573812,0.075,0.12,0.9016582,0.8,1.1,0.1020361,0.0,0.15,0.05555105,0.001526177,0.005890197,0.0010473534137241843,0.0010255291108797902,True,0.1,0.85,10.0,10000.0,0.938,0.139
hermes.p.vmsub.zxpt.pi+.162,1 / 1 / 1 / 2001,52.657444,1.3493231636639162,1.0,4.47213595499958,0.09573812,0.075,0.12,0.897135,0.8,1.1,0.1991386,0.15,0.25,0.1051777,0.003083497,0.006694805,0.001983008838584656,0.001538293666319685,True,0.1,0.85,10.0,10000.0,0.938,0.139
hermes.p.vmsub.zxpt.pi+.163,1 / 1 / 1 / 2001,52.657444,1.3493231636639162,1.0,4.47213595499958,0.09573812,0.075,0.12,0.8886286,0.8,1.1,0.297853,0.25,0.35,0.1079473,0.00321236,0.009061828,0.002035226573706683,0.0015382936663196854,True,0.1,0.85,10.0,10000.0,0.938,0.139
hermes.p.vmsub.zxpt.pi+.164,1 / 1 / 1 / 2001,52.657444,1.3493231636639162,1.0,4.47213595499958,0.09573812,0.075,0.12,0.8843359,0.8,1.1,0.4009305,0.35,0.45,0.08408317,0.002957104,0.007897471,0.0015852948798672738,0.0015382936663196844,True,0.1,0.85,10.0,10000.0,0.938,0.139
hermes.p.vmsub.zxpt.pi+.165,1 / 1 / 1 / 2001,52.657444,1.3493231636639162,1.0,4.47213595499958,0.09573812,0.075,0.12,0.8748845,0.8,1.1,0.518897,0.45,0.6,0.06664911,0.002076168,0.005302718,0.0012565950216994759,0.0010255291108797902,True,0.1,0.85,10.0,10000.0,0.938,0.139
hermes.p.vmsub.zxpt.pi+.166,1 / 1 / 1 / 2001,52.657444,1.3493231636639162,1.0,4.47213595499958,0.09573812,0.075,0.12,0.8664522,0.8,1.1,0.6882752,0.6,0.8,0.05076867,0.001753945,0.0025556,0.0009571869448864889,0.0007691468331598422,True,0.1,0.85,10.0,10000.0,0.938,0.139
hermes.p.vmsub.zxpt.pi+.167,1 / 1 / 1 / 2001,52.657444,1.3493231636639162,1.0,4.47213595499958,0.09573812,0.075,0.12,0.8560135,0.8,1.1,0.9247523,0.8,1.2,0.01863889,0.0008322819,0.0009625504,0.0003514155910559668,0.00038457341657992136,True,0.1,0.85,10.0,10000.0,0.938,0.139
hermes.p.vmsub.zxpt.pi+.168,1 / 1 / 1 / 2001,52.657444,1.6957122397388067,1.0,4.47213595499958,0.1522067,0.12,0.2,0.1408494,0.1,0.2,0.1021944,0.0,0.15,3.705209,0.05566663,0.4025024,0.059203966999742445,0.004370331010251523,True,0.1,0.85,10.0,10000.0,0.938,0.139
hermes.p.vmsub.zxpt.pi+.169,1 / 1 / 1 / 2001,52.657444,1.6957122397388067,1.0,4.47213595499958,0.1522067,0.12,0.2,0.1416427,0.1,0.2,0.2030488,0.15,0.25,7.979069,0.1116782,0.7392703,0.12749416774186503,0.006555496515377284,True,0.1,0.85,10.0,10000.0,0.938,0.139
hermes.p.vmsub.zxpt.pi+.170,1 / 1 / 1 / 2001,52.657444,1.6957122397388067,1.0,4.47213595499958,0.1522067,0.12,0.2,0.1432615,0.1,0.2,0.2997875,0.25,0.35,8.28587,0.1200485,0.985206,0.1323964111185512,0.006555496515377285,True,0.1,0.85,10.0,10000.0,0.938,0.139
hermes.p.vmsub.zxpt.pi+.171,1 / 1 / 1 / 2001,52.657444,1.6957122397388067,1.0,4.47213595499958,0.1522067,0.12,0.2,0.1448699,0.1,0.2,0.3978712,0.35,0.45,5.656877,0.09955753,0.7808993,0.09038884425402238,0.006555496515377281,True,0.1,0.85,10.0,10000.0,0.938,0.139
hermes.p.vmsub.zxpt.pi+.172,1 / 1 / 1 / 2001,52.657444,1.6957122397388067,1.0,4.47213595499958,0.1522067,0.12,0.2,0.1444523,0.1,0.2,0.5151589,0.45,0.6,3.112055,0.07359365,0.4343968,0.049726210187167164,0.004370331010251523,True,0.1,0.85,10.0,10000.0,0.938,0.139
hermes.p.vmsub.zxpt.pi+.173,1 / 1 / 1 / 2001,52.657444,1.6957122397388067,1.0,4.47213595499958,0.1522067,0.12,0.2,0.1494346,0.1,0.2,0.6792425,0.6,0.8,0.9048193,0.06523319,0.1035176,0.014457724780958392,0.0032777482576886404,True,0.1,0.85,10.0,10000.0,0.938,0.139
hermes.p.vmsub.zxpt.pi+.174,1 / 1 / 1 / 2001,52.657444,1.6957122397388067,1.0,4.47213595499958,0.1522067,0.12,0.2,0.1576206,0.1,0.2,0.8880217,0.8,1.2,0.1071662,0.03617428,0.01227921,0.0017123633695934018,0.0016388741288443213,True,0.1,0.85,10.0,10000.0,0.938,0.139
hermes.p.vmsub.zxpt.pi+.175,1 / 1 / 1 / 2001,52.657444,1.6957122397388067,1.0,4.47213595499958,0.1522067,0.12,0.2,0.2233066,0.2,0.25,0.1016154,0.0,0.15,1.847455,0.03433341,0.1072585,0.029519701818037574,0.008740662020503049,True,0.1,0.85,10.0,10000.0,0.938,0.139
hermes.p.vmsub.zxpt.pi+.176,1 / 1 / 1 / 2001,52.657444,1.6957122397388067,1.0,4.47213595499958,0.1522067,0.12,0.2,0.2235562,0.2,0.25,0.203259,0.15,0.25,3.77647,0.0708899,0.1966088,0.060342616369418664,0.013110993030754572,True,0.1,0.85,10.0,10000.0,0.938,0.139
hermes.p.vmsub.zxpt.pi+.177,1 / 1 / 1 / 2001,52.657444,1.6957122397388067,1.0,4.47213595499958,0.1522067,0.12,0.2,0.223937,0.2,0.25,0.3001776,0.25,0.35,4.380336,0.08924043,0.2038751,0.06999153569792792,0.013110993030754574,True,0.1,0.85,10.0,10000.0,0.938,0.139
hermes.p.vmsub.zxpt.pi+.178,1 / 1 / 1 / 2001,52.657444,1.6957122397388067,1.0,4.47213595499958,0.1522067,0.12,0.2,0.2242664,0.2,0.25,0.3978186,0.35,0.45,3.715513,0.08450843,0.1797341,0.05936861025629433,0.013110993030754567,True,0.1,0.85,10.0,10000.0,0.938,0.139
hermes.p.vmsub.zxpt.pi+.179,1 / 1 / 1 / 2001,52.657444,1.6957122397388067,1.0,4.47213595499958,0.1522067,0.12,0.2,0.225054,0.2,0.25,0.517897,0.45,0.6,2.038461,0.04803246,0.1210843,0.032571705880629666,0.00874066202050305,True,0.1,0.85,10.0,10000.0,0.938,0.139
hermes.p.vmsub.zxpt.pi+.180,1 / 1 / 1 / 2001,52.657444,1.6957122397388067,1.0,4.47213595499958,0.1522067,0.12,0.2,0.2256808,0.2,0.25,0.6830358,0.6,0.8,0.7625644,0.03093353,0.08929346,0.012184693919500465,0.0065554965153772835,True,0.1,0.85,10.0,10000.0,0.938,0.139
hermes.p.vmsub.zxpt.pi+.181,1 / 1 / 1 / 2001,52.657444,1.6957122397388067,1.0,4.47213595499958,0.1522067,0.12,0.2,0.2275807,0.2,0.25,0.9170666,0.8,1.2,0.08306189,0.01397225,0.009803232,0.0013272107982292597,0.0032777482576886435,True,0.1,0.85,10.0,10000.0,0.938,0.139
hermes.p.vmsub.zxpt.pi+.182,1 / 1 / 1 / 2001,52.657444,1.6957122397388067,1.0,4.47213595499958,0.1522067,0.12,0.2,0.2730387,0.25,0.3,0.1019991,0.0,0.15,1.251476,0.02711999,0.07229304,0.019996805525672016,0.008740662020503049,True,0.1,0.85,10.0,10000.0,0.938,0.139
hermes.p.vmsub.zxpt.pi+.183,1 / 1 / 1 / 2001,52.657444,1.6957122397388067,1.0,4.47213595499958,0.1522067,0.12,0.2,0.273649,0.25,0.3,0.2036328,0.15,0.25,2.677037,0.05185757,0.09666559,0.04277524161392502,0.013110993030754572,True,0.1,0.85,10.0,10000.0,0.938,0.139
hermes.p.vmsub.zxpt.pi+.184,1 / 1 / 1 / 2001,52.657444,1.6957122397388067,1.0,4.47213595499958,0.1522067,0.12,0.2,0.2737446,0.25,0.3,0.3008867,0.25,0.35,3.038152,0.06958433,0.1119915,0.04854534541727647,0.013110993030754574,True,0.1,0.85,10.0,10000.0,0.938,0.139
hermes.p.vmsub.zxpt.pi+.185,1 / 1 / 1 / 2001,52.657444,1.6957122397388067,1.0,4.47213595499958,0.1522067,0.12,0.2,0.27483,0.25,0.3,0.3973777,0.35,0.45,2.862345,0.07302547,0.08361363,0.045736199745244545,0.013110993030754567,True,0.1,0.85,10.0,10000.0,0.938,0.139
hermes.p.vmsub.zxpt.pi+.186,1 / 1 / 1 / 2001,52.657444,1.6957122397388067,1.0,4.47213595499958,0.1522067,0.12,0.2,0.2749133,0.25,0.3,0.5189252,0.45,0.6,1.752757,0.04367244,0.06339893,0.02800656254115964,0.00874066202050305,True,0.1,0.85,10.0,10000.0,0.938,0.139
hermes.p.vmsub.zxpt.pi+.187,1 / 1 / 1 / 2001,52.657444,1.6957122397388067,1.0,4.47213595499958,0.1522067,0.12,0.2,0.2750442,0.25,0.3,0.6840308,0.6,0.8,0.6130028,0.02253809,0.03607446,0.009794912390083722,0.0065554965153772835,True,0.1,0.85,10.0,10000.0,0.938,0.139
hermes.p.vmsub.zxpt.pi+.188,1 / 1 / 1 / 2001,52.657444,1.6957122397388067,1.0,4.47213595499958,0.1522067,0.12,0.2,0.2762673,0.25,0.3,0.9194265,0.8,1.2,0.09183955,0.008532919,0.005473487,0.0014674653136897801,0.0032777482576886435,True,0.1,0.85,10.0,10000.0,0.938,0.139
hermes.p.vmsub.zxpt.pi+.189,1 / 1 / 1 / 2001,52.657444,1.6957122397388067,1.0,4.47213595499958,0.1522067,0.12,0.2,0.3346326,0.3,0.375,0.1000063,0.0,0.15,0.7798529,0.0161488,0.04558331,0.012460939546528533,0.0058271080136686965,True,0.1,0.85,10.0,10000.0,0.938,0.139
hermes.p.vmsub.zxpt.pi+.190,1 / 1 / 1 / 2001,52.657444,1.6957122397388067,1.0,4.47213595499958,0.1522067,0.12,0.2,0.3339423,0.3,0.375,0.2028664,0.15,0.25,1.657596,0.03036062,0.04167969,0.026486025183169178,0.008740662020503043,True,0.1,0.85,10.0,10000.0,0.938,0.139
hermes.p.vmsub.zxpt.pi+.191,1 / 1 / 1 / 2001,52.657444,1.6957122397388067,1.0,4.47213595499958,0.1522067,0.12,0.2,0.3344857,0.3,0.375,0.3005534,0.25,0.35,2.100811,0.0391235,0.05559921,0.03356797015139927,0.008740662020503045,True,0.1,0.85,10.0,10000.0,0.938,0.139
hermes.p.vmsub.zxpt.pi+.192,1 / 1 / 1 / 2001,52.657444,1.6957122397388067,1.0,4.47213595499958,0.1522067,0.12,0.2,0.3352979,0.3,0.375,0.3987392,0.35,0.45,2.046103,0.04559055,0.05266307,0.03269381416542873,0.00874066202050304,True,0.1,0.85,10.0,10000.0,0.938,0.139
hermes.p.vmsub.zxpt.pi+.193,1 / 1 / 1 / 2001,52.657444,1.6957122397388067,1.0,4.47213595499958,0.1522067,0.12,0.2,0.3361618,0.3,0.375,0.5174031,0.45,0.6,1.355529,0.02982743,0.04271685,0.02165942438960768,0.0058271080136686965,True,0.1,0.85,10.0,10000.0,0.938,0.139
hermes.p.vmsub.zxpt.pi+.194,1 / 1 / 1 / 2001,52.657444,1.6957122397388067,1.0,4.47213595499958,0.1522067,0.12,0.2,0.3380527,0.3,0.375,0.6805782,0.6,0.8,0.596653,0.01584782,0.02729066,0.00953366585320756,0.00437033101025152,True,0.1,0.85,10.0,10000.0,0.938,0.139
hermes.p.vmsub.zxpt.pi+.195,1 / 1 / 1 / 2001,52.657444,1.6957122397388067,1.0,4.47213595499958,0.1522067,0.12,0.2,0.3374805,0.3,0.375,0.9171139,0.8,1.2,0.0890553,0.004865829,0.004446988,0.001422976960908862,0.0021851655051257613,True,0.1,0.85,10.0,10000.0,0.938,0.139
hermes.p.vmsub.zxpt.pi+.196,1 / 1 / 1 / 2001,52.657444,1.6957122397388067,1.0,4.47213595499958,0.1522067,0.12,0.2,0.4200232,0.375,0.475,0.1001037,0.0,0.15,0.4543597,0.01049929,0.03807266,0.007260021414396024,0.004370331010251524,True,0.1,0.85,10.0,10000.0,0.938,0.139
hermes.p.vmsub.zxpt.pi+.197,1 / 1 / 1 / 2001,52.657444,1.6957122397388067,1.0,4.47213595499958,0.1522067,0.12,0.2,0.4197803,0.375,0.475,0.2024835,0.15,0.25,0.9222149,0.01884862,0.03154927,0.014735681713574261,0.006555496515377286,True,0.1,0.85,10.0,10000.0,0.938,0.139
hermes.p.vmsub.zxpt.pi+.198,1 / 1 / 1 / 2001,52.657444,1.6957122397388067,1.0,4.47213595499958,0.1522067,0.12,0.2,0.4206726,0.375,0.475,0.3011082,0.25,0.35,1.152623,0.02339623,0.04548941,0.0184172752617043,0.006555496515377287,True,0.1,0.85,10.0,10000.0,0.938,0.139
hermes.p.vmsub.zxpt.pi+.199,1 / 1 / 1 / 2001,52.657444,1.6957122397388067,1.0,4.47213595499958,0.1522067,0.12,0.2,0.4201912,0.375,0.475,0.3991343,0.35,0.45,1.23602,0.0275457,0.04842835,0.019749840640844188,0.0065554965153772835,True,0.1,0.85,10.0,10000.0,0.938,0.139
hermes.p.vmsub.zxpt.pi+.200,1 / 1 / 1 / 2001,52.657444,1.6957122397388067,1.0,4.47213595499958,0.1522067,0.12,0.2,0.4225775,0.375,0.475,0.5197599,0.45,0.6,0.9566863,0.0215564,0.03039304,0.015286485629907975,0.004370331010251525,True,0.1,0.85,10.0,10000.0,0.938,0.139
hermes.p.vmsub.zxpt.pi+.201,1 / 1 / 1 / 2001,52.657444,1.6957122397388067,1.0,4.47213595499958,0.1522067,0.12,0.2,0.4230185,0.375,0.475,0.6861415,0.6,0.8,0.4801157,0.01309207,0.01806988,0.0076715656414680635,0.0032777482576886417,True,0.1,0.85,10.0,10000.0,0.938,0.139
hermes.p.vmsub.zxpt.pi+.202,1 / 1 / 1 / 2001,52.657444,1.6957122397388067,1.0,4.47213595499958,0.1522067,0.12,0.2,0.4255617,0.375,0.475,0.9240385,0.8,1.2,0.09040044,0.003637378,0.003466102,0.0014444703838628798,0.0016388741288443217,True,0.1,0.85,10.0,10000.0,0.938,0.139
hermes.p.vmsub.zxpt.pi+.203,1 / 1 / 1 / 2001,52.657444,1.6957122397388067,1.0,4.47213595499958,0.1522067,0.12,0.2,0.5307221,0.475,0.6,0.1014433,0.0,0.15,0.2119834,0.006889987,0.01753831,0.0033871930620089723,0.0034962648082012184,True,0.1,0.85,10.0,10000.0,0.938,0.139
hermes.p.vmsub.zxpt.pi+.204,1 / 1 / 1 / 2001,52.657444,1.6957122397388067,1.0,4.47213595499958,0.1522067,0.12,0.2,0.5320752,0.475,0.6,0.2022009,0.15,0.25,0.4794717,0.01312508,0.02471557,0.007661275437933572,0.005244397212301827,True,0.1,0.85,10.0,10000.0,0.938,0.139
hermes.p.vmsub.zxpt.pi+.205,1 / 1 / 1 / 2001,52.657444,1.6957122397388067,1.0,4.47213595499958,0.1522067,0.12,0.2,0.5313705,0.475,0.6,0.3019197,0.25,0.35,0.5729055,0.0152746,0.03154147,0.00915421459787314,0.0052443972123018285,True,0.1,0.85,10.0,10000.0,0.938,0.139
hermes.p.vmsub.zxpt.pi+.206,1 / 1 / 1 / 2001,52.657444,1.6957122397388067,1.0,4.47213595499958,0.1522067,0.12,0.2,0.5315255,0.475,0.6,0.3998206,0.35,0.45,0.6285777,0.01723939,0.03383962,0.010043777127706969,0.005244397212301825,True,0.1,0.85,10.0,10000.0,0.938,0.139
hermes.p.vmsub.zxpt.pi+.207,1 / 1 / 1 / 2001,52.657444,1.6957122397388067,1.0,4.47213595499958,0.1522067,0.12,0.2,0.5316721,0.475,0.6,0.5211361,0.45,0.6,0.5884357,0.01383807,0.02856477,0.009402365093108201,0.003496264808201219,True,0.1,0.85,10.0,10000.0,0.938,0.139
hermes.p.vmsub.zxpt.pi+.208,1 / 1 / 1 / 2001,52.657444,1.6957122397388067,1.0,4.47213595499958,0.1522067,0.12,0.2,0.5348284,0.475,0.6,0.6874533,0.6,0.8,0.362946,0.01054259,0.01386517,0.005799360577686312,0.0026221986061509125,True,0.1,0.85,10.0,10000.0,0.938,0.139
hermes.p.vmsub.zxpt.pi+.209,1 / 1 / 1 / 2001,52.657444,1.6957122397388067,1.0,4.47213595499958,0.1522067,0.12,0.2,0.5395883,0.475,0.6,0.9230322,0.8,1.2,0.07374522,0.003124894,0.002562568,0.0011783436700247534,0.0013110993030754571,True,0.1,0.85,10.0,10000.0,0.938,0.139
hermes.p.vmsub.zxpt.pi+.210,1 / 1 / 1 / 2001,52.657444,1.6957122397388067,1.0,4.47213595499958,0.1522067,0.12,0.2,0.6966653,0.6,0.8,0.1020401,0.0,0.15,0.09376155,0.004357424,0.008093925,0.001498176138524089,0.0021851655051257604,True,0.1,0.85,10.0,10000.0,0.938,0.139
hermes.p.vmsub.zxpt.pi+.211,1 / 1 / 1 / 2001,52.657444,1.6957122397388067,1.0,4.47213595499958,0.1522067,0.12,0.2,0.6922733,0.6,0.8,0.20194,0.15,0.25,0.2152199,0.008342245,0.009914532,0.0034389077262005647,0.003277748257688641,True,0.1,0.85,10.0,10000.0,0.938,0.139
hermes.p.vmsub.zxpt.pi+.212,1 / 1 / 1 / 2001,52.657444,1.6957122397388067,1.0,4.47213595499958,0.1522067,0.12,0.2,0.6930675,0.6,0.8,0.3006171,0.25,0.35,0.2713125,0.009323048,0.01994216,0.004335187649770262,0.0032777482576886417,True,0.1,0.85,10.0,10000.0,0.938,0.139
hermes.p.vmsub.zxpt.pi+.213,1 / 1 / 1 / 2001,52.657444,1.6957122397388067,1.0,4.47213595499958,0.1522067,0.12,0.2,0.6916076,0.6,0.8,0.3990339,0.35,0.45,0.2737355,0.009701723,0.02218092,0.004373903741639945,0.0032777482576886396,True,0.1,0.85,10.0,10000.0,0.938,0.139
hermes.p.vmsub.zxpt.pi+.214,1 / 1 / 1 / 2001,52.657444,1.6957122397388067,1.0,4.47213595499958,0.1522067,0.12,0.2,0.6877124,0.6,0.8,0.5207633,0.45,0.6,0.2604056,0.007090672,0.0184942,0.004160910909195172,0.002185165505125761,True,0.1,0.85,10.0,10000.0,0.938,0.139
hermes.p.vmsub.zxpt.pi+.215,1 / 1 / 1 / 2001,52.657444,1.6957122397388067,1.0,4.47213595499958,0.1522067,0.12,0.2,0.6891702,0.6,0.8,0.6882359,0.6,0.8,0.213146,0.00599404,0.009485695,0.003405769755532577,0.0016388741288443198,True,0.1,0.85,10.0,10000.0,0.938,0.139
hermes.p.vmsub.zxpt.pi+.216,1 / 1 / 1 / 2001,52.657444,1.6957122397388067,1.0,4.47213595499958,0.1522067,0.12,0.2,0.6917708,0.6,0.8,0.931162,0.8,1.2,0.07398356,0.00241825,0.003421666,0.0011821520040471308,0.0008194370644221604,True,0.1,0.85,10.0,10000.0,0.938,0.139
hermes.p.vmsub.zxpt.pi+.217,1 / 1 / 1 / 2001,52.657444,1.6957122397388067,1.0,4.47213595499958,0.1522067,0.12,0.2,0.9013717,0.8,1.1,0.09978446,0.0,0.15,0.05884174,0.002371967,0.0050062,0.0009402072685150622,0.0014567770034171741,True,0.1,0.85,10.0,10000.0,0.938,0.139
hermes.p.vmsub.zxpt.pi+.218,1 / 1 / 1 / 2001,52.657444,1.6957122397388067,1.0,4.47213595499958,0.1522067,0.12,0.2,0.8967331,0.8,1.1,0.2009713,0.15,0.25,0.1021653,0.004251382,0.004455681,0.001632456104289606,0.002185165505125761,True,0.1,0.85,10.0,10000.0,0.938,0.139
hermes.p.vmsub.zxpt.pi+.219,1 / 1 / 1 / 2001,52.657444,1.6957122397388067,1.0,4.47213595499958,0.1522067,0.12,0.2,0.8908345,0.8,1.1,0.2998017,0.25,0.35,0.1103369,0.004608953,0.007731154,0.0017630266434238615,0.0021851655051257613,True,0.1,0.85,10.0,10000.0,0.938,0.139
hermes.p.vmsub.zxpt.pi+.220,1 / 1 / 1 / 2001,52.657444,1.6957122397388067,1.0,4.47213595499958,0.1522067,0.12,0.2,0.8860143,0.8,1.1,0.3984479,0.35,0.45,0.1063961,0.004626154,0.008480898,0.0017000582675096862,0.00218516550512576,True,0.1,0.85,10.0,10000.0,0.938,0.139
hermes.p.vmsub.zxpt.pi+.221,1 / 1 / 1 / 2001,52.657444,1.6957122397388067,1.0,4.47213595499958,0.1522067,0.12,0.2,0.8811046,0.8,1.1,0.5226249,0.45,0.6,0.07696093,0.003053993,0.00539028,0.0012297261396022432,0.0014567770034171741,True,0.1,0.85,10.0,10000.0,0.938,0.139
hermes.p.vmsub.zxpt.pi+.222,1 / 1 / 1 / 2001,52.657444,1.6957122397388067,1.0,4.47213595499958,0.1522067,0.12,0.2,0.867857,0.8,1.1,0.6897536,0.6,0.8,0.04568463,0.002017397,0.001853701,0.0007299753743757622,0.00109258275256288,True,0.1,0.85,10.0,10000.0,0.938,0.139
hermes.p.vmsub.zxpt.pi+.223,1 / 1 / 1 / 2001,52.657444,1.6957122397388067,1.0,4.47213595499958,0.1522067,0.12,0.2,0.8587478,0.8,1.1,0.9248074,0.8,1.2,0.01312313,0.0007672171,0.0005133685,0.00020968894209566317,0.0005462913762814403,True,0.1,0.85,10.0,10000.0,0.938,0.139
hermes.p.vmsub.zxpt.pi+.224,1 / 1 / 1 / 2001,52.657444,2.2893820126837725,1.0,4.47213595499958,0.2538812,0.2,0.35,0.1412278,0.1,0.2,0.1024111,0.0,0.15,3.740973,0.09105281,0.4136474,0.054265856362781084,0.0092609994036197,True,0.1,0.85,10.0,10000.0,0.938,0.139
hermes.p.vmsub.zxpt.pi+.225,1 / 1 / 1 / 2001,52.657444,2.2893820126837725,1.0,4.47213595499958,0.2538812,0.2,0.35,0.1417967,0.1,0.2,0.2019977,0.15,0.25,7.636099,0.2002938,1.025706,0.1107678273823351,0.013891499105429549,True,0.1,0.85,10.0,10000.0,0.938,0.139
hermes.p.vmsub.zxpt.pi+.226,1 / 1 / 1 / 2001,52.657444,2.2893820126837725,1.0,4.47213595499958,0.2538812,0.2,0.35,0.1432386,0.1,0.2,0.2984533,0.25,0.35,8.061321,0.2341774,0.8520992,0.11693601837817882,0.01389149910542955,True,0.1,0.85,10.0,10000.0,0.938,0.139
hermes.p.vmsub.zxpt.pi+.227,1 / 1 / 1 / 2001,52.657444,2.2893820126837725,1.0,4.47213595499958,0.2538812,0.2,0.35,0.1444774,0.1,0.2,0.3972827,0.35,0.45,5.970342,0.1925937,0.6138554,0.08660466713036398,0.013891499105429543,True,0.1,0.85,10.0,10000.0,0.938,0.139
hermes.p.vmsub.zxpt.pi+.228,1 / 1 / 1 / 2001,52.657444,2.2893820126837725,1.0,4.47213595499958,0.2538812,0.2,0.35,0.1445631,0.1,0.2,0.5135026,0.45,0.6,3.263147,0.1297109,0.3659594,0.047334601557573394,0.0092609994036197,True,0.1,0.85,10.0,10000.0,0.938,0.139
hermes.p.vmsub.zxpt.pi+.229,1 / 1 / 1 / 2001,52.657444,2.2893820126837725,1.0,4.47213595499958,0.2538812,0.2,0.35,0.1464788,0.1,0.2,0.6713826,0.6,0.8,0.9686415,0.1102896,0.1657297,0.014050932873888375,0.006945749552714772,True,0.1,0.85,10.0,10000.0,0.938,0.139
hermes.p.vmsub.zxpt.pi+.230,1 / 1 / 1 / 2001,52.657444,2.2900609162203525,1.0,4.47213595499958,0.2538859,0.2,0.35,0.1594801,0.1,0.2,0.8621616,0.8,1.2,0.1166064,0.08892115,0.02283001,0.0016914706824617542,0.0034728747763573876,True,0.1,0.85,10.0,10000.0,0.938,0.139
hermes.p.vmsub.zxpt.pi+.231,1 / 1 / 1 / 2001,52.657444,2.2893820126837725,1.0,4.47213595499958,0.2538812,0.2,0.35,0.2233892,0.2,0.25,0.1019924,0.0,0.15,1.867888,0.05341661,0.1771403,0.02709523482520789,0.018521998807239405,True,0.1,0.85,10.0,10000.0,0.938,0.139
hermes.p.vmsub.zxpt.pi+.232,1 / 1 / 1 / 2001,52.657444,2.2893820126837725,1.0,4.47213595499958,0.2538812,0.2,0.35,0.2233718,0.2,0.25,0.2033556,0.15,0.25,4.068381,0.1087954,0.2628498,0.059015175724355044,0.027782998210859108,True,0.1,0.85,10.0,10000.0,0.938,0.139
hermes.p.vmsub.zxpt.pi+.233,1 / 1 / 1 / 2001,52.657444,2.2893820126837725,1.0,4.47213595499958,0.2538812,0.2,0.35,0.2235769,0.2,0.25,0.2997037,0.25,0.35,4.633999,0.1443203,0.4153176,0.06721992490169568,0.02778299821085911,True,0.1,0.85,10.0,10000.0,0.938,0.139
hermes.p.vmsub.zxpt.pi+.234,1 / 1 / 1 / 2001,52.657444,2.2893820126837725,1.0,4.47213595499958,0.2538812,0.2,0.35,0.2240324,0.2,0.25,0.397934,0.35,0.45,3.761011,0.1504227,0.3943741,0.054556523852174195,0.027782998210859094,True,0.1,0.85,10.0,10000.0,0.938,0.139
hermes.p.vmsub.zxpt.pi+.235,1 / 1 / 1 / 2001,52.657444,2.2893820126837725,1.0,4.47213595499958,0.2538812,0.2,0.35,0.2237448,0.2,0.25,0.5126537,0.45,0.6,2.206138,0.0864389,0.2364851,0.03200182621592648,0.01852199880723941,True,0.1,0.85,10.0,10000.0,0.938,0.139
hermes.p.vmsub.zxpt.pi+.236,1 / 1 / 1 / 2001,52.657444,2.2893820126837725,1.0,4.47213595499958,0.2538812,0.2,0.35,0.2243563,0.2,0.25,0.6780162,0.6,0.8,0.7736165,0.05103875,0.07260064,0.011221936610843605,0.013891499105429547,True,0.1,0.85,10.0,10000.0,0.938,0.139
hermes.p.vmsub.zxpt.pi+.237,1 / 1 / 1 / 2001,52.657444,2.2893820126837725,1.0,4.47213595499958,0.2538812,0.2,0.35,0.2348217,0.2,0.25,0.9514567,0.8,1.2,0.1090022,0.02764168,0.01032936,0.001581165576021836,0.006945749552714778,True,0.1,0.85,10.0,10000.0,0.938,0.139
hermes.p.vmsub.zxpt.pi+.238,1 / 1 / 1 / 2001,52.657444,2.2893820126837725,1.0,4.47213595499958,0.2538812,0.2,0.35,0.2735936,0.25,0.3,0.1002323,0.0,0.15,1.26497,0.04304957,0.07618089,0.01834941880714648,0.018521998807239405,True,0.1,0.85,10.0,10000.0,0.938,0.139
hermes.p.vmsub.zxpt.pi+.239,1 / 1 / 1 / 2001,52.657444,2.2893820126837725,1.0,4.47213595499958,0.2538812,0.2,0.35,0.2733431,0.25,0.3,0.20314,0.15,0.25,2.541366,0.07987028,0.158985,0.03686458103847729,0.027782998210859108,True,0.1,0.85,10.0,10000.0,0.938,0.139
hermes.p.vmsub.zxpt.pi+.240,1 / 1 / 1 / 2001,52.657444,2.2893820126837725,1.0,4.47213595499958,0.2538812,0.2,0.35,0.2736796,0.25,0.3,0.3006501,0.25,0.35,3.178644,0.102656,0.2939572,0.04610881680579248,0.02778299821085911,True,0.1,0.85,10.0,10000.0,0.938,0.139
hermes.p.vmsub.zxpt.pi+.241,1 / 1 / 1 / 2001,52.657444,2.2893820126837725,1.0,4.47213595499958,0.2538812,0.2,0.35,0.2742115,0.25,0.3,0.3991508,0.35,0.45,3.082364,0.117075,0.1454187,0.04471219708931536,0.027782998210859094,True,0.1,0.85,10.0,10000.0,0.938,0.139
hermes.p.vmsub.zxpt.pi+.242,1 / 1 / 1 / 2001,52.657444,2.2893820126837725,1.0,4.47213595499958,0.2538812,0.2,0.35,0.2740728,0.25,0.3,0.5158629,0.45,0.6,2.016931,0.07989787,0.116496,0.029257224775383416,0.01852199880723941,True,0.1,0.85,10.0,10000.0,0.938,0.139
hermes.p.vmsub.zxpt.pi+.243,1 / 1 / 1 / 2001,52.657444,2.2893820126837725,1.0,4.47213595499958,0.2538812,0.2,0.35,0.2748611,0.25,0.3,0.6792856,0.6,0.8,0.6643664,0.03842513,0.05369266,0.009637175043673923,0.013891499105429547,True,0.1,0.85,10.0,10000.0,0.938,0.139
hermes.p.vmsub.zxpt.pi+.244,1 / 1 / 1 / 2001,52.657444,2.2893820126837725,1.0,4.47213595499958,0.2538812,0.2,0.35,0.2762963,0.25,0.3,0.9155346,0.8,1.2,0.09425756,0.01437359,0.007731651,0.0013672825791755834,0.006945749552714778,True,0.1,0.85,10.0,10000.0,0.938,0.139
hermes.p.vmsub.zxpt.pi+.245,1 / 1 / 1 / 2001,52.657444,2.2893820126837725,1.0,4.47213595499958,0.2538812,0.2,0.35,0.3342764,0.3,0.375,0.09973491,0.0,0.15,0.8654277,0.02747066,0.02739662,0.012553732748290886,0.012347999204826265,True,0.1,0.85,10.0,10000.0,0.938,0.139
hermes.p.vmsub.zxpt.pi+.246,1 / 1 / 1 / 2001,52.657444,2.2893820126837725,1.0,4.47213595499958,0.2538812,0.2,0.35,0.334425,0.3,0.375,0.2033967,0.15,0.25,1.677482,0.04869847,0.09630737,0.024333240914369267,0.018521998807239395,True,0.1,0.85,10.0,10000.0,0.938,0.139
hermes.p.vmsub.zxpt.pi+.247,1 / 1 / 1 / 2001,52.657444,2.2893820126837725,1.0,4.47213595499958,0.2538812,0.2,0.35,0.3344928,0.3,0.375,0.3008143,0.25,0.35,2.191843,0.06064634,0.07258551,0.03179446561302826,0.0185219988072394,True,0.1,0.85,10.0,10000.0,0.938,0.139
hermes.p.vmsub.zxpt.pi+.248,1 / 1 / 1 / 2001,52.657444,2.2893820126837725,1.0,4.47213595499958,0.2538812,0.2,0.35,0.3348734,0.3,0.375,0.3993397,0.35,0.45,2.120636,0.068801,0.07677248,0.03076155015653485,0.018521998807239388,True,0.1,0.85,10.0,10000.0,0.938,0.139
hermes.p.vmsub.zxpt.pi+.249,1 / 1 / 1 / 2001,52.657444,2.2893820126837725,1.0,4.47213595499958,0.2538812,0.2,0.35,0.3352298,0.3,0.375,0.5193547,0.45,0.6,1.432903,0.05033814,0.06357121,0.02078542357290419,0.012347999204826265,True,0.1,0.85,10.0,10000.0,0.938,0.139
hermes.p.vmsub.zxpt.pi+.250,1 / 1 / 1 / 2001,52.657444,2.2893820126837725,1.0,4.47213595499958,0.2538812,0.2,0.35,0.3362305,0.3,0.375,0.6811981,0.6,0.8,0.6069519,0.02860593,0.05019181,0.008804331018833086,0.009260999403619694,True,0.1,0.85,10.0,10000.0,0.938,0.139
hermes.p.vmsub.zxpt.pi+.251,1 / 1 / 1 / 2001,52.657444,2.2893820126837725,1.0,4.47213595499958,0.2538812,0.2,0.35,0.3397942,0.3,0.375,0.916139,0.8,1.2,0.08891577,0.008041254,0.007342831,0.0012897955700845957,0.00463049970180985,True,0.1,0.85,10.0,10000.0,0.938,0.139
hermes.p.vmsub.zxpt.pi+.252,1 / 1 / 1 / 2001,52.657444,2.2893820126837725,1.0,4.47213595499958,0.2538812,0.2,0.35,0.4196647,0.375,0.475,0.1003157,0.0,0.15,0.4473959,0.01715282,0.006602281,0.0064898414521294785,0.009260999403619703,True,0.1,0.85,10.0,10000.0,0.938,0.139
hermes.p.vmsub.zxpt.pi+.253,1 / 1 / 1 / 2001,52.657444,2.2893820126837725,1.0,4.47213595499958,0.2538812,0.2,0.35,0.4198275,0.375,0.475,0.2029741,0.15,0.25,0.9263744,0.0319293,0.05643168,0.013437814207308503,0.013891499105429554,True,0.1,0.85,10.0,10000.0,0.938,0.139
hermes.p.vmsub.zxpt.pi+.254,1 / 1 / 1 / 2001,52.657444,2.2893820126837725,1.0,4.47213595499958,0.2538812,0.2,0.35,0.4198693,0.375,0.475,0.302474,0.25,0.35,1.165386,0.03825025,0.0311112,0.01690487188311597,0.013891499105429556,True,0.1,0.85,10.0,10000.0,0.938,0.139
hermes.p.vmsub.zxpt.pi+.255,1 / 1 / 1 / 2001,52.657444,2.2893820126837725,1.0,4.47213595499958,0.2538812,0.2,0.35,0.4200415,0.375,0.475,0.3991287,0.35,0.45,1.126414,0.04160669,0.03338026,0.016339551322350012,0.013891499105429547,True,0.1,0.85,10.0,10000.0,0.938,0.139
hermes.p.vmsub.zxpt.pi+.256,1 / 1 / 1 / 2001,52.657444,2.2893820126837725,1.0,4.47213595499958,0.2538812,0.2,0.35,0.4200672,0.375,0.475,0.5190967,0.45,0.6,0.9465064,0.03205305,0.035072,0.013729845243163482,0.009260999403619704,True,0.1,0.85,10.0,10000.0,0.938,0.139
hermes.p.vmsub.zxpt.pi+.257,1 / 1 / 1 / 2001,52.657444,2.2893820126837725,1.0,4.47213595499958,0.2538812,0.2,0.35,0.4211568,0.375,0.475,0.6851801,0.6,0.8,0.5012505,0.0222336,0.03710873,0.007271046231761684,0.0069457495527147734,True,0.1,0.85,10.0,10000.0,0.938,0.139
hermes.p.vmsub.zxpt.pi+.258,1 / 1 / 1 / 2001,52.657444,2.2893820126837725,1.0,4.47213595499958,0.2538812,0.2,0.35,0.4242912,0.375,0.475,0.9146576,0.8,1.2,0.09362633,0.006388618,0.006988321,0.0013581260745678574,0.003472874776357389,True,0.1,0.85,10.0,10000.0,0.938,0.139
hermes.p.vmsub.zxpt.pi+.259,1 / 1 / 1 / 2001,52.657444,2.2893820126837725,1.0,4.47213595499958,0.2538812,0.2,0.35,0.5288867,0.475,0.6,0.1012329,0.0,0.15,0.2077642,0.01153553,0.008859879,0.003013788721417696,0.0074087995228957594,True,0.1,0.85,10.0,10000.0,0.938,0.139
hermes.p.vmsub.zxpt.pi+.260,1 / 1 / 1 / 2001,52.657444,2.2893820126837725,1.0,4.47213595499958,0.2538812,0.2,0.35,0.5317876,0.475,0.6,0.2022947,0.15,0.25,0.4587505,0.02181492,0.0252553,0.006654549161235327,0.01111319928434364,True,0.1,0.85,10.0,10000.0,0.938,0.139
hermes.p.vmsub.zxpt.pi+.261,1 / 1 / 1 / 2001,52.657444,2.2893820126837725,1.0,4.47213595499958,0.2538812,0.2,0.35,0.5299211,0.475,0.6,0.3007535,0.25,0.35,0.561045,0.02605066,0.04706321,0.008138414092551996,0.011113199284343641,True,0.1,0.85,10.0,10000.0,0.938,0.139
hermes.p.vmsub.zxpt.pi+.262,1 / 1 / 1 / 2001,52.657444,2.2893820126837725,1.0,4.47213595499958,0.2538812,0.2,0.35,0.5310768,0.475,0.6,0.3998819,0.35,0.45,0.553856,0.02708227,0.02058406,0.008034131799845783,0.011113199284343636,True,0.1,0.85,10.0,10000.0,0.938,0.139
hermes.p.vmsub.zxpt.pi+.263,1 / 1 / 1 / 2001,52.657444,2.2893820126837725,1.0,4.47213595499958,0.2538812,0.2,0.35,0.5317562,0.475,0.6,0.5212398,0.45,0.6,0.5681726,0.02048388,0.02303849,0.008241805728313964,0.007408799522895761,True,0.1,0.85,10.0,10000.0,0.938,0.139
hermes.p.vmsub.zxpt.pi+.264,1 / 1 / 1 / 2001,52.657444,2.2893820126837725,1.0,4.47213595499958,0.2538812,0.2,0.35,0.5334503,0.475,0.6,0.6864359,0.6,0.8,0.3197275,0.01462834,0.01608434,0.004637907461569782,0.005556599642171818,True,0.1,0.85,10.0,10000.0,0.938,0.139
hermes.p.vmsub.zxpt.pi+.265,1 / 1 / 1 / 2001,52.657444,2.2893820126837725,1.0,4.47213595499958,0.2538812,0.2,0.35,0.5351942,0.475,0.6,0.9200033,0.8,1.2,0.08922498,0.005841256,0.004499661,0.0012942809126534767,0.0027782998210859103,True,0.1,0.85,10.0,10000.0,0.938,0.139
hermes.p.vmsub.zxpt.pi+.266,1 / 1 / 1 / 2001,52.657444,2.2893820126837725,1.0,4.47213595499958,0.2538812,0.2,0.35,0.6875139,0.6,0.8,0.09939533,0.0,0.15,0.09604158,0.007355691,0.003077166,0.0013931612404405349,0.004630499701809848,True,0.1,0.85,10.0,10000.0,0.938,0.139
hermes.p.vmsub.zxpt.pi+.267,1 / 1 / 1 / 2001,52.657444,2.2893820126837725,1.0,4.47213595499958,0.2538812,0.2,0.35,0.6874521,0.6,0.8,0.2026394,0.15,0.25,0.2289709,0.01437272,0.01691132,0.0033214091549596085,0.006945749552714773,True,0.1,0.85,10.0,10000.0,0.938,0.139
hermes.p.vmsub.zxpt.pi+.268,1 / 1 / 1 / 2001,52.657444,2.2893820126837725,1.0,4.47213595499958,0.2538812,0.2,0.35,0.6898321,0.6,0.8,0.3008186,0.25,0.35,0.2679422,0.01674789,0.01458824,0.003886719561656169,0.0069457495527147734,True,0.1,0.85,10.0,10000.0,0.938,0.139
hermes.p.vmsub.zxpt.pi+.269,1 / 1 / 1 / 2001,52.657444,2.2893820126837725,1.0,4.47213595499958,0.2538812,0.2,0.35,0.6895399,0.6,0.8,0.3998817,0.35,0.45,0.2614272,0.01683335,0.01148534,0.0037922141871978344,0.00694574955271477,True,0.1,0.85,10.0,10000.0,0.938,0.139
hermes.p.vmsub.zxpt.pi+.270,1 / 1 / 1 / 2001,52.657444,2.2893820126837725,1.0,4.47213595499958,0.2538812,0.2,0.35,0.6887112,0.6,0.8,0.5211443,0.45,0.6,0.2491065,0.01132574,0.01102623,0.0036134924117429148,0.004630499701809849,True,0.1,0.85,10.0,10000.0,0.938,0.139
hermes.p.vmsub.zxpt.pi+.271,1 / 1 / 1 / 2001,52.657444,2.2893820126837725,1.0,4.47213595499958,0.2538812,0.2,0.35,0.6877312,0.6,0.8,0.6895752,0.6,0.8,0.160701,0.007610081,0.006578277,0.00233109872307426,0.003472874776357385,True,0.1,0.85,10.0,10000.0,0.938,0.139
hermes.p.vmsub.zxpt.pi+.272,1 / 1 / 1 / 2001,52.657444,2.2893820126837725,1.0,4.47213595499958,0.2538812,0.2,0.35,0.6882928,0.6,0.8,0.9349834,0.8,1.2,0.05920023,0.003304612,0.002315592,0.000858747491046742,0.0017364373881786934,True,0.1,0.85,10.0,10000.0,0.938,0.139
hermes.p.vmsub.zxpt.pi+.273,1 / 1 / 1 / 2001,52.657444,2.2893820126837725,1.0,4.47213595499958,0.2538812,0.2,0.35,0.9042858,0.8,1.1,0.1003364,0.0,0.15,0.04825704,0.00374429,0.001387153,0.0007000076186417227,0.0030869998012065664,True,0.1,0.85,10.0,10000.0,0.938,0.139
hermes.p.vmsub.zxpt.pi+.274,1 / 1 / 1 / 2001,52.657444,2.2893820126837725,1.0,4.47213595499958,0.2538812,0.2,0.35,0.8979075,0.8,1.1,0.2046823,0.15,0.25,0.08296024,0.007172878,0.006204332,0.0012034057630626702,0.004630499701809849,True,0.1,0.85,10.0,10000.0,0.938,0.139
hermes.p.vmsub.zxpt.pi+.275,1 / 1 / 1 / 2001,52.657444,2.2893820126837725,1.0,4.47213595499958,0.2538812,0.2,0.35,0.8912909,0.8,1.1,0.3002725,0.25,0.35,0.09753581,0.008168717,0.005434107,0.0014148362620333018,0.00463049970180985,True,0.1,0.85,10.0,10000.0,0.938,0.139
hermes.p.vmsub.zxpt.pi+.276,1 / 1 / 1 / 2001,52.657444,2.2893820126837725,1.0,4.47213595499958,0.2538812,0.2,0.35,0.8847169,0.8,1.1,0.3988221,0.35,0.45,0.09730293,0.008808696,0.00451906,0.0014114581482030859,0.004630499701809847,True,0.1,0.85,10.0,10000.0,0.938,0.139
hermes.p.vmsub.zxpt.pi+.277,1 / 1 / 1 / 2001,52.657444,2.2893820126837725,1.0,4.47213595499958,0.2538812,0.2,0.35,0.8826367,0.8,1.1,0.5205144,0.45,0.6,0.07051693,0.00508724,0.00279324,0.0010229054298238156,0.0030869998012065664,True,0.1,0.85,10.0,10000.0,0.938,0.139
hermes.p.vmsub.zxpt.pi+.278,1 / 1 / 1 / 2001,52.657444,2.2893820126837725,1.0,4.47213595499958,0.2538812,0.2,0.35,0.8751826,0.8,1.1,0.6883358,0.6,0.8,0.05060736,0.003220005,0.001930859,0.0007341009220487699,0.0023152498509049235,True,0.1,0.85,10.0,10000.0,0.938,0.139
hermes.p.vmsub.zxpt.pi+.279,1 / 1 / 1 / 2001,52.657444,2.2893820126837725,1.0,4.47213595499958,0.2538812,0.2,0.35,0.8526,0.8,1.1,0.9168519,0.8,1.2,0.01236445,0.001203907,0.0004719064,0.00017935640479222614,0.0011576249254524626,True,0.1,0.85,10.0,10000.0,0.938,0.139
hermes.p.vmsub.zxpt.pi+.280,1 / 1 / 1 / 2001,52.657444,3.035335072113127,1.0,4.47213595499958,0.4100563,0.35,0.6,0.141085,0.1,0.2,0.104772,0.0,0.15,3.92514,0.3213458,0.4317633,0.058432513249050286,0.049253368676762645,True,0.1,0.85,10.0,10000.0,0.938,0.139
hermes.p.vmsub.zxpt.pi+.281,1 / 1 / 1 / 2001,52.657444,3.035335072113127,1.0,4.47213595499958,0.4100563,0.35,0.6,0.1415724,0.1,0.2,0.205772,0.15,0.25,9.540543,0.7912504,1.286004,0.14202752137519525,0.07388005301514397,True,0.1,0.85,10.0,10000.0,0.938,0.139
hermes.p.vmsub.zxpt.pi+.282,1 / 1 / 1 / 2001,52.657444,3.035335072113127,1.0,4.47213595499958,0.4100563,0.35,0.6,0.142234,0.1,0.2,0.2995122,0.25,0.35,9.168412,0.9132239,1.004248,0.13648770633983798,0.07388005301514397,True,0.1,0.85,10.0,10000.0,0.938,0.139
hermes.p.vmsub.zxpt.pi+.283,1 / 1 / 1 / 2001,52.657444,3.035335072113127,1.0,4.47213595499958,0.4100563,0.35,0.6,0.1450657,0.1,0.2,0.3989072,0.35,0.45,6.027829,0.6976813,0.6354893,0.08973468408910498,0.07388005301514393,True,0.1,0.85,10.0,10000.0,0.938,0.139
hermes.p.vmsub.zxpt.pi+.284,1 / 1 / 1 / 2001,52.657444,3.035335072113127,1.0,4.47213595499958,0.4100563,0.35,0.6,0.1430439,0.1,0.2,0.519642,0.45,0.6,3.809842,0.447796,0.4350749,0.056716102646475856,0.049253368676762645,True,0.1,0.85,10.0,10000.0,0.938,0.139
hermes.p.vmsub.zxpt.pi+.285,1 / 1 / 1 / 2001,52.657444,3.035335072113127,1.0,4.47213595499958,0.4100563,0.35,0.6,0.1474982,0.1,0.2,0.6725072,0.6,0.8,1.157701,0.3159776,0.1981871,0.017234386294740767,0.036940026507571964,True,0.1,0.85,10.0,10000.0,0.938,0.139
hermes.p.vmsub.zxpt.pi+.286,1 / 1 / 1 / 2001,52.657444,3.03616023951306,1.0,4.47213595499958,0.4100285,0.35,0.6,0.152428,0.1,0.2,0.8378249,0.8,1.2,0.2890005,0.3392398,0.04908715,0.0043022734336182035,0.018470013253785993,True,0.1,0.85,10.0,10000.0,0.938,0.139
hermes.p.vmsub.zxpt.pi+.287,1 / 1 / 1 / 2001,52.657444,3.035335072113127,1.0,4.47213595499958,0.4100563,0.35,0.6,0.2228513,0.2,0.25,0.1004769,0.0,0.15,1.840735,0.1767311,0.1805514,0.02740253144486326,0.09850673735352532,True,0.1,0.85,10.0,10000.0,0.938,0.139
hermes.p.vmsub.zxpt.pi+.288,1 / 1 / 1 / 2001,52.657444,3.035335072113127,1.0,4.47213595499958,0.4100563,0.35,0.6,0.2239965,0.2,0.25,0.2030138,0.15,0.25,4.136082,0.3298315,0.2861483,0.06157275059339499,0.14776010603028797,True,0.1,0.85,10.0,10000.0,0.938,0.139
hermes.p.vmsub.zxpt.pi+.289,1 / 1 / 1 / 2001,52.657444,3.035335072113127,1.0,4.47213595499958,0.4100563,0.35,0.6,0.2234132,0.2,0.25,0.3004495,0.25,0.35,5.950523,0.4379744,0.5543201,0.08858385026681301,0.147760106030288,True,0.1,0.85,10.0,10000.0,0.938,0.139
hermes.p.vmsub.zxpt.pi+.290,1 / 1 / 1 / 2001,52.657444,3.035335072113127,1.0,4.47213595499958,0.4100563,0.35,0.6,0.2242476,0.2,0.25,0.3985812,0.35,0.45,4.31162,0.4567181,0.4689694,0.06418593802383359,0.1477601060302879,True,0.1,0.85,10.0,10000.0,0.938,0.139
hermes.p.vmsub.zxpt.pi+.291,1 / 1 / 1 / 2001,52.657444,3.035335072113127,1.0,4.47213595499958,0.4100563,0.35,0.6,0.2249432,0.2,0.25,0.5120458,0.45,0.6,2.801864,0.2793328,0.3056741,0.041710602756089475,0.09850673735352533,True,0.1,0.85,10.0,10000.0,0.938,0.139
hermes.p.vmsub.zxpt.pi+.292,1 / 1 / 1 / 2001,52.657444,3.035335072113127,1.0,4.47213595499958,0.4100563,0.35,0.6,0.2237477,0.2,0.25,0.6801197,0.6,0.8,0.7314495,0.1361435,0.0706676,0.010888893797357854,0.07388005301514396,True,0.1,0.85,10.0,10000.0,0.938,0.139
hermes.p.vmsub.zxpt.pi+.293,1 / 1 / 1 / 2001,52.657444,3.035335072113127,1.0,4.47213595499958,0.4100563,0.35,0.6,0.2305235,0.2,0.25,0.8537389,0.8,1.2,0.1019586,0.07500114,0.009844788,0.0015178305093205894,0.036940026507572,True,0.1,0.85,10.0,10000.0,0.938,0.139
hermes.p.vmsub.zxpt.pi+.294,1 / 1 / 1 / 2001,52.657444,3.035335072113127,1.0,4.47213595499958,0.4100563,0.35,0.6,0.2753164,0.25,0.3,0.1011079,0.0,0.15,1.348901,0.1474953,0.0812829,0.020080729745730642,0.09850673735352532,True,0.1,0.85,10.0,10000.0,0.938,0.139
hermes.p.vmsub.zxpt.pi+.295,1 / 1 / 1 / 2001,52.657444,3.035335072113127,1.0,4.47213595499958,0.4100563,0.35,0.6,0.2731393,0.25,0.3,0.205864,0.15,0.25,2.791774,0.2613179,0.1798549,0.04156039561476893,0.14776010603028797,True,0.1,0.85,10.0,10000.0,0.938,0.139
hermes.p.vmsub.zxpt.pi+.296,1 / 1 / 1 / 2001,52.657444,3.035335072113127,1.0,4.47213595499958,0.4100563,0.35,0.6,0.2734296,0.25,0.3,0.3021626,0.25,0.35,3.57489,0.3284395,0.3341733,0.053218434830069085,0.147760106030288,True,0.1,0.85,10.0,10000.0,0.938,0.139
hermes.p.vmsub.zxpt.pi+.297,1 / 1 / 1 / 2001,52.657444,3.035335072113127,1.0,4.47213595499958,0.4100563,0.35,0.6,0.2728007,0.25,0.3,0.3965192,0.35,0.45,3.050111,0.3522193,0.1560694,0.045406189694781336,0.1477601060302879,True,0.1,0.85,10.0,10000.0,0.938,0.139
hermes.p.vmsub.zxpt.pi+.298,1 / 1 / 1 / 2001,52.657444,3.035335072113127,1.0,4.47213595499958,0.4100563,0.35,0.6,0.2735613,0.25,0.3,0.5174612,0.45,0.6,2.071449,0.2435428,0.1266298,0.030837109284568693,0.09850673735352533,True,0.1,0.85,10.0,10000.0,0.938,0.139
hermes.p.vmsub.zxpt.pi+.299,1 / 1 / 1 / 2001,52.657444,3.035335072113127,1.0,4.47213595499958,0.4100563,0.35,0.6,0.2777073,0.25,0.3,0.6717352,0.6,0.8,0.9149857,0.1364088,0.0758985,0.013621148299918359,0.07388005301514396,True,0.1,0.85,10.0,10000.0,0.938,0.139
hermes.p.vmsub.zxpt.pi+.300,1 / 1 / 1 / 2001,52.657444,3.0352512251871344,1.0,4.47213595499958,0.409992,0.35,0.6,0.2837143,0.25,0.3,0.9139649,0.8,1.2,0.06028603,0.03862638,0.004958659,0.0008974620642085741,0.036940026507572,True,0.1,0.85,10.0,10000.0,0.938,0.139
hermes.p.vmsub.zxpt.pi+.301,1 / 1 / 1 / 2001,52.657444,3.035335072113127,1.0,4.47213595499958,0.4100563,0.35,0.6,0.3337173,0.3,0.375,0.1082822,0.0,0.15,0.826176,0.08863095,0.02048754,0.012299061961114093,0.06567115823568352,True,0.1,0.85,10.0,10000.0,0.938,0.139
hermes.p.vmsub.zxpt.pi+.302,1 / 1 / 1 / 2001,52.657444,3.035335072113127,1.0,4.47213595499958,0.4100563,0.35,0.6,0.3357846,0.3,0.375,0.203657,0.15,0.25,1.662614,0.1566905,0.09891125,0.024750891581715936,0.09850673735352528,True,0.1,0.85,10.0,10000.0,0.938,0.139
hermes.p.vmsub.zxpt.pi+.303,1 / 1 / 1 / 2001,52.657444,3.035335072113127,1.0,4.47213595499958,0.4100563,0.35,0.6,0.336851,0.3,0.375,0.2998794,0.25,0.35,2.102054,0.1968281,0.08035587,0.03129271776426297,0.09850673735352529,True,0.1,0.85,10.0,10000.0,0.938,0.139
hermes.p.vmsub.zxpt.pi+.304,1 / 1 / 1 / 2001,52.657444,3.035335072113127,1.0,4.47213595499958,0.4100563,0.35,0.6,0.3334891,0.3,0.375,0.3997296,0.35,0.45,2.136841,0.211448,0.09649208,0.03181058256358088,0.09850673735352523,True,0.1,0.85,10.0,10000.0,0.938,0.139
hermes.p.vmsub.zxpt.pi+.305,1 / 1 / 1 / 2001,52.657444,3.035335072113127,1.0,4.47213595499958,0.4100563,0.35,0.6,0.334522,0.3,0.375,0.5199434,0.45,0.6,1.696654,0.1555876,0.08084071,0.02525763599108673,0.06567115823568352,True,0.1,0.85,10.0,10000.0,0.938,0.139
hermes.p.vmsub.zxpt.pi+.306,1 / 1 / 1 / 2001,52.657444,3.035335072113127,1.0,4.47213595499958,0.4100563,0.35,0.6,0.3368333,0.3,0.375,0.6778405,0.6,0.8,0.834508,0.1046346,0.06853977,0.0124230982248884,0.04925336867676262,True,0.1,0.85,10.0,10000.0,0.938,0.139
hermes.p.vmsub.zxpt.pi+.307,1 / 1 / 1 / 2001,52.657444,3.035335072113127,1.0,4.47213595499958,0.4100563,0.35,0.6,0.3386777,0.3,0.375,0.8854977,0.8,1.2,0.06416889,0.02272341,0.005400943,0.0009552651663639642,0.024626684338381322,True,0.1,0.85,10.0,10000.0,0.938,0.139
hermes.p.vmsub.zxpt.pi+.308,1 / 1 / 1 / 2001,52.657444,3.035335072113127,1.0,4.47213595499958,0.4100563,0.35,0.6,0.4220476,0.375,0.475,0.1028415,0.0,0.15,0.3497287,0.05341652,0.007678069,0.005206317964791863,0.04925336867676266,True,0.1,0.85,10.0,10000.0,0.938,0.139
hermes.p.vmsub.zxpt.pi+.309,1 / 1 / 1 / 2001,52.657444,3.035335072113127,1.0,4.47213595499958,0.4100563,0.35,0.6,0.4203105,0.375,0.475,0.2019101,0.15,0.25,0.9278412,0.1102821,0.0567546,0.013812524702816898,0.07388005301514398,True,0.1,0.85,10.0,10000.0,0.938,0.139
hermes.p.vmsub.zxpt.pi+.310,1 / 1 / 1 / 2001,52.657444,3.035335072113127,1.0,4.47213595499958,0.4100563,0.35,0.6,0.4188327,0.375,0.475,0.3043648,0.25,0.35,1.451229,0.1346178,0.04158314,0.021604059414417322,0.073880053015144,True,0.1,0.85,10.0,10000.0,0.938,0.139
hermes.p.vmsub.zxpt.pi+.311,1 / 1 / 1 / 2001,52.657444,3.035335072113127,1.0,4.47213595499958,0.4100563,0.35,0.6,0.4196382,0.375,0.475,0.3990046,0.35,0.45,1.161587,0.1361208,0.03852643,0.01729223614123944,0.07388005301514396,True,0.1,0.85,10.0,10000.0,0.938,0.139
hermes.p.vmsub.zxpt.pi+.312,1 / 1 / 1 / 2001,52.657444,3.035335072113127,1.0,4.47213595499958,0.4100563,0.35,0.6,0.4226059,0.375,0.475,0.5173808,0.45,0.6,0.8241262,0.09503369,0.03052181,0.012268547134723721,0.049253368676762666,True,0.1,0.85,10.0,10000.0,0.938,0.139
hermes.p.vmsub.zxpt.pi+.313,1 / 1 / 1 / 2001,52.657444,3.035335072113127,1.0,4.47213595499958,0.4100563,0.35,0.6,0.4208179,0.375,0.475,0.6798517,0.6,0.8,0.5716079,0.06994244,0.04153251,0.008509374491103963,0.03694002650757198,True,0.1,0.85,10.0,10000.0,0.938,0.139
hermes.p.vmsub.zxpt.pi+.314,1 / 1 / 1 / 2001,52.657444,3.035335072113127,1.0,4.47213595499958,0.4100563,0.35,0.6,0.4249467,0.375,0.475,0.8921141,0.8,1.2,0.115643,0.02188181,0.008422059,0.0017215465256423775,0.018470013253786,True,0.1,0.85,10.0,10000.0,0.938,0.139
hermes.p.vmsub.zxpt.pi+.315,1 / 1 / 1 / 2001,52.657444,3.035335072113127,1.0,4.47213595499958,0.4100563,0.35,0.6,0.5321777,0.475,0.6,0.09885051,0.0,0.15,0.1807288,0.03771505,0.008496346,0.0026904614868475925,0.03940269494141012,True,0.1,0.85,10.0,10000.0,0.938,0.139
hermes.p.vmsub.zxpt.pi+.316,1 / 1 / 1 / 2001,52.657444,3.035335072113127,1.0,4.47213595499958,0.4100563,0.35,0.6,0.5318629,0.475,0.6,0.2041226,0.15,0.25,0.5976104,0.08250714,0.03413736,0.008896466779725115,0.05910404241211517,True,0.1,0.85,10.0,10000.0,0.938,0.139
hermes.p.vmsub.zxpt.pi+.317,1 / 1 / 1 / 2001,52.657444,3.0352512251871344,1.0,4.47213595499958,0.409992,0.35,0.6,0.5319474,0.475,0.6,0.3003605,0.25,0.35,0.585843,0.09896092,0.02522788,0.008721288631580879,0.059104042412115185,True,0.1,0.85,10.0,10000.0,0.938,0.139
hermes.p.vmsub.zxpt.pi+.318,1 / 1 / 1 / 2001,52.657444,3.035335072113127,1.0,4.47213595499958,0.4100563,0.35,0.6,0.5295747,0.475,0.6,0.3999113,0.35,0.45,0.6863173,0.0992156,0.02816445,0.01021702276232247,0.05910404241211515,True,0.1,0.85,10.0,10000.0,0.938,0.139
hermes.p.vmsub.zxpt.pi+.319,1 / 1 / 1 / 2001,52.657444,3.035335072113127,1.0,4.47213595499958,0.4100563,0.35,0.6,0.5335171,0.475,0.6,0.5177316,0.45,0.6,0.571974,0.06448983,0.01754844,0.0085148245242494,0.039402694941410125,True,0.1,0.85,10.0,10000.0,0.938,0.139
hermes.p.vmsub.zxpt.pi+.320,1 / 1 / 1 / 2001,52.657444,3.035335072113127,1.0,4.47213595499958,0.4100563,0.35,0.6,0.5363879,0.475,0.6,0.6881568,0.6,0.8,0.1675222,0.03729645,0.007490451,0.0024938583518065733,0.029552021206057575,True,0.1,0.85,10.0,10000.0,0.938,0.139
hermes.p.vmsub.zxpt.pi+.321,1 / 1 / 1 / 2001,52.657444,3.035335072113127,1.0,4.47213595499958,0.4100563,0.35,0.6,0.5423853,0.475,0.6,0.8951508,0.8,1.2,0.07136719,0.0146832,0.003277973,0.0010624243403349915,0.014776010603028796,True,0.1,0.85,10.0,10000.0,0.938,0.139
hermes.p.vmsub.zxpt.pi+.322,1 / 1 / 1 / 2001,52.657444,3.035335072113127,1.0,4.47213595499958,0.4100563,0.35,0.6,0.6918386,0.6,0.8,0.09357131,0.0,0.15,0.1006169,0.02342157,0.003345836,0.0014978569789430103,0.024626684338381312,True,0.1,0.85,10.0,10000.0,0.938,0.139
hermes.p.vmsub.zxpt.pi+.323,1 / 1 / 1 / 2001,52.657444,3.035335072113127,1.0,4.47213595499958,0.4100563,0.35,0.6,0.6877474,0.6,0.8,0.2007538,0.15,0.25,0.150826,0.04629579,0.01121426,0.002245306471438282,0.03694002650757197,True,0.1,0.85,10.0,10000.0,0.938,0.139
hermes.p.vmsub.zxpt.pi+.324,1 / 1 / 1 / 2001,52.657444,3.035335072113127,1.0,4.47213595499958,0.4100563,0.35,0.6,0.6903601,0.6,0.8,0.3032427,0.25,0.35,0.2982111,0.05642733,0.01619274,0.004439389181472218,0.03694002650757198,True,0.1,0.85,10.0,10000.0,0.938,0.139
hermes.p.vmsub.zxpt.pi+.325,1 / 1 / 1 / 2001,52.657444,3.035335072113127,1.0,4.47213595499958,0.4100563,0.35,0.6,0.6900731,0.6,0.8,0.4009098,0.35,0.45,0.2263662,0.05494819,0.009449115,0.003369853299662475,0.03694002650757196,True,0.1,0.85,10.0,10000.0,0.938,0.139
hermes.p.vmsub.zxpt.pi+.326,1 / 1 / 1 / 2001,52.657444,3.035335072113127,1.0,4.47213595499958,0.4100563,0.35,0.6,0.685771,0.6,0.8,0.5173448,0.45,0.6,0.2581389,0.03697969,0.01045639,0.0038428450181000593,0.02462668433838132,True,0.1,0.85,10.0,10000.0,0.938,0.139
hermes.p.vmsub.zxpt.pi+.327,1 / 1 / 1 / 2001,52.657444,3.035335072113127,1.0,4.47213595499958,0.4100563,0.35,0.6,0.6795873,0.6,0.8,0.6841559,0.6,0.8,0.1624511,0.02302173,0.006709633,0.0024183662374011607,0.01847001325378598,True,0.1,0.85,10.0,10000.0,0.938,0.139
hermes.p.vmsub.zxpt.pi+.328,1 / 1 / 1 / 2001,52.657444,3.035335072113127,1.0,4.47213595499958,0.4100563,0.35,0.6,0.6974664,0.6,0.8,0.9284645,0.8,1.2,0.06138864,0.009201731,0.002476439,0.0009138763254663983,0.009235006626892995,True,0.1,0.85,10.0,10000.0,0.938,0.139
hermes.p.vmsub.zxpt.pi+.329,1 / 1 / 1 / 2001,52.657444,3.0352512251871344,1.0,4.47213595499958,0.409992,0.35,0.6,0.899785,0.8,1.1,0.08824993,0.0,0.15,0.02383365,0.01041744,0.0007579631,0.00035480519660400074,0.01641778955892088,True,0.1,0.85,10.0,10000.0,0.938,0.139
hermes.p.vmsub.zxpt.pi+.330,1 / 1 / 1 / 2001,52.657444,3.035335072113127,1.0,4.47213595499958,0.4100563,0.35,0.6,0.8891143,0.8,1.1,0.2033525,0.15,0.25,0.07424157,0.02347409,0.005601852,0.0011052144694597631,0.02462668433838132,True,0.1,0.85,10.0,10000.0,0.938,0.139
hermes.p.vmsub.zxpt.pi+.331,1 / 1 / 1 / 2001,52.657444,3.035335072113127,1.0,4.47213595499958,0.4100563,0.35,0.6,0.8870374,0.8,1.1,0.3027304,0.25,0.35,0.1080858,0.02832207,0.005788617,0.001609044503007332,0.024626684338381322,True,0.1,0.85,10.0,10000.0,0.938,0.139
hermes.p.vmsub.zxpt.pi+.332,1 / 1 / 1 / 2001,52.657444,3.035335072113127,1.0,4.47213595499958,0.4100563,0.35,0.6,0.8849774,0.8,1.1,0.3985678,0.35,0.45,0.08976266,0.02976214,0.004030238,0.0013362728003892845,0.02462668433838131,True,0.1,0.85,10.0,10000.0,0.938,0.139
hermes.p.vmsub.zxpt.pi+.333,1 / 1 / 1 / 2001,52.657444,3.035335072113127,1.0,4.47213595499958,0.4100563,0.35,0.6,0.8846162,0.8,1.1,0.5195508,0.45,0.6,0.05869948,0.01657037,0.002659681,0.0008738435171261056,0.01641778955892088,True,0.1,0.85,10.0,10000.0,0.938,0.139
hermes.p.vmsub.zxpt.pi+.334,1 / 1 / 1 / 2001,52.657444,3.035335072113127,1.0,4.47213595499958,0.4100563,0.35,0.6,0.8698684,0.8,1.1,0.6821199,0.6,0.8,0.04675494,0.009842353,0.00201924,0.0006960283330043136,0.012313342169190654,True,0.1,0.85,10.0,10000.0,0.938,0.139
hermes.p.vmsub.zxpt.pi+.335,1 / 1 / 1 / 2001,52.657444,3.0352512251871344,1.0,4.47213595499958,0.409992,0.35,0.6,0.8499623,0.8,1.1,0.8967781,0.8,1.2,0.01496651,0.004012779,0.000637071,0.0002228024462482978,0.006156671084595331,True,0.1,0.85,10.0,10000.0,0.938,0.139
