Name,hermes.d.vmsub.zxpt.pi-
Comment,HERMES deutron-to-pi- (zxpt-3D) vmsub. thFactor contains DIS normalization (by MSHT20nnlo)
Reference,1212.5407
Process type,SIDIS
Number of points,335
Number of uncorr.errors,2
Number of corr.errors,1
Number of norm.errors,0
List of norm.errors (relative),
Total cross-section nomalized,False
List of points 
Point id,process id,s[GeV^2],<Q>[GeV],Qmin[GeV],Qmax[GeV],<x>,xMin,xMax,<z>,zMin,zMax,<pT>[GeV],pTMin[GeV],pTMax[GeV],xSec,Uncorr.Err.0,Uncorr.Err.1,Corr.Err.0,Th.Factor,FiducialCuts,yMin,yMax,W2min[GeV^2],W2max[GeV^2],TargetMass[GeV],ProductMass[GeV]
hermes.d.vmsub.zxpt.pi-.0,1 / 1 / -1 / 2002,52.657444,1.1181542827356161,1.0,4.47213595499958,0.03752505,0.023,0.047,0.1519976,0.1,0.2,0.1107234,0.0,0.15,3.889816,0.04910913,0.5273999,0.11725282325205143,0.008126687124525531,True,0.1,0.85,10.0,10000.0,0.938,0.139
hermes.d.vmsub.zxpt.pi-.1,1 / 1 / -1 / 2002,52.657444,1.1181542827356161,1.0,4.47213595499958,0.03752505,0.023,0.047,0.1538399,0.1,0.2,0.2216789,0.15,0.25,7.74835,0.06094666,0.4965339,0.23356269629335494,0.012190030686788296,True,0.1,0.85,10.0,10000.0,0.938,0.139
hermes.d.vmsub.zxpt.pi-.2,1 / 1 / -1 / 2002,52.657444,1.1181542827356161,1.0,4.47213595499958,0.03752505,0.023,0.047,0.1552639,0.1,0.2,0.3270037,0.25,0.35,8.614843,0.05956393,0.8337088,0.259681862489941,0.012190030686788297,True,0.1,0.85,10.0,10000.0,0.938,0.139
hermes.d.vmsub.zxpt.pi-.3,1 / 1 / -1 / 2002,52.657444,1.1181542827356161,1.0,4.47213595499958,0.03752505,0.023,0.047,0.1579656,0.1,0.2,0.4383999,0.35,0.45,7.040695,0.06003686,0.8840889,0.21223146966504386,0.01219003068678829,True,0.1,0.85,10.0,10000.0,0.938,0.139
hermes.d.vmsub.zxpt.pi-.4,1 / 1 / -1 / 2002,52.657444,1.1181542827356161,1.0,4.47213595499958,0.03752505,0.023,0.047,0.1600849,0.1,0.2,0.577428,0.45,0.6,4.358895,0.05104697,0.5434803,0.13139252473876675,0.008126687124525531,True,0.1,0.85,10.0,10000.0,0.938,0.139
hermes.d.vmsub.zxpt.pi-.5,1 / 1 / -1 / 2002,52.657444,1.1181542827356161,1.0,4.47213595499958,0.03752505,0.023,0.047,0.165578,0.1,0.2,0.7804701,0.6,0.8,1.682686,0.05154773,0.1333441,0.050722112343283436,0.006095015343394145,True,0.1,0.85,10.0,10000.0,0.938,0.139
hermes.d.vmsub.zxpt.pi-.6,1 / 1 / -1 / 2002,52.657444,1.1181542827356161,1.0,4.47213595499958,0.03752505,0.023,0.047,0.170867,0.1,0.2,1.042909,0.8,1.2,0.3464875,0.05680621,0.02738106,0.010444359732322857,0.0030475076716970743,True,0.1,0.85,10.0,10000.0,0.938,0.139
hermes.d.vmsub.zxpt.pi-.7,1 / 1 / -1 / 2002,52.657444,1.1181542827356161,1.0,4.47213595499958,0.03752505,0.023,0.047,0.2294398,0.2,0.25,0.1046564,0.0,0.15,1.607095,0.04650115,0.3953339,0.04844353202934421,0.016253374249051065,True,0.1,0.85,10.0,10000.0,0.938,0.139
hermes.d.vmsub.zxpt.pi-.8,1 / 1 / -1 / 2002,52.657444,1.1181542827356161,1.0,4.47213595499958,0.03752505,0.023,0.047,0.2334364,0.2,0.25,0.213071,0.15,0.25,3.595631,0.06425711,0.5176352,0.1083850460079852,0.024380061373576598,True,0.1,0.85,10.0,10000.0,0.938,0.139
hermes.d.vmsub.zxpt.pi-.9,1 / 1 / -1 / 2002,52.657444,1.1181542827356161,1.0,4.47213595499958,0.03752505,0.023,0.047,0.2338915,0.2,0.25,0.3151613,0.25,0.35,4.209695,0.06085733,0.3469731,0.12689510860669106,0.0243800613735766,True,0.1,0.85,10.0,10000.0,0.938,0.139
hermes.d.vmsub.zxpt.pi-.10,1 / 1 / -1 / 2002,52.657444,1.1181542827356161,1.0,4.47213595499958,0.03752505,0.023,0.047,0.2369812,0.2,0.25,0.4228169,0.35,0.45,3.815388,0.05256066,0.2744164,0.11500929987485217,0.024380061373576588,True,0.1,0.85,10.0,10000.0,0.938,0.139
hermes.d.vmsub.zxpt.pi-.11,1 / 1 / -1 / 2002,52.657444,1.1181542827356161,1.0,4.47213595499958,0.03752505,0.023,0.047,0.2389495,0.2,0.25,0.5544828,0.45,0.6,2.680225,0.03606551,0.1051149,0.08079146885115633,0.01625337424905107,True,0.1,0.85,10.0,10000.0,0.938,0.139
hermes.d.vmsub.zxpt.pi-.12,1 / 1 / -1 / 2002,52.657444,1.1181542827356161,1.0,4.47213595499958,0.03752505,0.023,0.047,0.2429691,0.2,0.25,0.7408377,0.6,0.8,1.189203,0.02417618,0.06813854,0.03584678791228411,0.012190030686788294,True,0.1,0.85,10.0,10000.0,0.938,0.139
hermes.d.vmsub.zxpt.pi-.13,1 / 1 / -1 / 2002,52.657444,1.1181542827356161,1.0,4.47213595499958,0.03752505,0.023,0.047,0.2567773,0.25,0.3,1.062438,0.8,1.2,0.2334719,0.01442555,0.01356958,0.0070376695003107155,0.00609501534339415,True,0.1,0.85,10.0,10000.0,0.938,0.139
hermes.d.vmsub.zxpt.pi-.14,1 / 1 / -1 / 2002,52.657444,1.1181542827356161,1.0,4.47213595499958,0.03752505,0.023,0.047,0.2779576,0.25,0.3,0.1028189,0.0,0.15,1.025136,0.03856932,0.2832283,0.030901227774608103,0.016253374249051065,True,0.1,0.85,10.0,10000.0,0.938,0.139
hermes.d.vmsub.zxpt.pi-.15,1 / 1 / -1 / 2002,52.657444,1.1181542827356161,1.0,4.47213595499958,0.03752505,0.023,0.047,0.2813551,0.25,0.3,0.2094052,0.15,0.25,2.256821,0.05188435,0.4289485,0.06802857354294341,0.024380061373576598,True,0.1,0.85,10.0,10000.0,0.938,0.139
hermes.d.vmsub.zxpt.pi-.16,1 / 1 / -1 / 2002,52.657444,1.1181542827356161,1.0,4.47213595499958,0.03752505,0.023,0.047,0.2854558,0.25,0.3,0.3148921,0.25,0.35,2.766574,0.05440011,0.3513878,0.08339433336582525,0.0243800613735766,True,0.1,0.85,10.0,10000.0,0.938,0.139
hermes.d.vmsub.zxpt.pi-.17,1 / 1 / -1 / 2002,52.657444,1.1181542827356161,1.0,4.47213595499958,0.03752505,0.023,0.047,0.2867932,0.25,0.3,0.4183916,0.35,0.45,2.656528,0.04769571,0.2316405,0.08007715738948208,0.024380061373576588,True,0.1,0.85,10.0,10000.0,0.938,0.139
hermes.d.vmsub.zxpt.pi-.18,1 / 1 / -1 / 2002,52.657444,1.1181542827356161,1.0,4.47213595499958,0.03752505,0.023,0.047,0.2880971,0.25,0.3,0.5462103,0.45,0.6,2.039496,0.03164275,0.1762882,0.06147762876477085,0.01625337424905107,True,0.1,0.85,10.0,10000.0,0.938,0.139
hermes.d.vmsub.zxpt.pi-.19,1 / 1 / -1 / 2002,52.657444,1.1181542827356161,1.0,4.47213595499958,0.03752505,0.023,0.047,0.2927297,0.25,0.3,0.7302418,0.6,0.8,0.9891488,0.0193547,0.08679153,0.02981644618058509,0.012190030686788294,True,0.1,0.85,10.0,10000.0,0.938,0.139
hermes.d.vmsub.zxpt.pi-.20,1 / 1 / -1 / 2002,52.657444,1.1181542827356161,1.0,4.47213595499958,0.03752505,0.023,0.047,0.3002335,0.3,0.375,1.017473,0.8,1.2,0.2338757,0.008750518,0.02067647,0.007049841461665488,0.0040633435622627655,True,0.1,0.85,10.0,10000.0,0.938,0.139
hermes.d.vmsub.zxpt.pi-.21,1 / 1 / -1 / 2002,52.657444,1.1181542827356161,1.0,4.47213595499958,0.03752505,0.023,0.047,0.335001,0.3,0.375,0.09968262,0.0,0.15,0.5782864,0.02430481,0.02091688,0.017431599090616395,0.010835582832700707,True,0.1,0.85,10.0,10000.0,0.938,0.139
hermes.d.vmsub.zxpt.pi-.22,1 / 1 / -1 / 2002,52.657444,1.1181542827356161,1.0,4.47213595499958,0.03752505,0.023,0.047,0.3420836,0.3,0.375,0.2091559,0.15,0.25,1.322294,0.0335628,0.297172,0.039858621762378504,0.01625337424905106,True,0.1,0.85,10.0,10000.0,0.938,0.139
hermes.d.vmsub.zxpt.pi-.23,1 / 1 / -1 / 2002,52.657444,1.1181542827356161,1.0,4.47213595499958,0.03752505,0.023,0.047,0.345346,0.3,0.375,0.3125743,0.25,0.35,1.631438,0.03318264,0.2610995,0.04917731621770291,0.016253374249051062,True,0.1,0.85,10.0,10000.0,0.938,0.139
hermes.d.vmsub.zxpt.pi-.24,1 / 1 / -1 / 2002,52.657444,1.1181542827356161,1.0,4.47213595499958,0.03752505,0.023,0.047,0.3481194,0.3,0.375,0.4149581,0.35,0.45,1.690155,0.03202842,0.2000243,0.050947254441745055,0.01625337424905105,True,0.1,0.85,10.0,10000.0,0.938,0.139
hermes.d.vmsub.zxpt.pi-.25,1 / 1 / -1 / 2002,52.657444,1.1181542827356161,1.0,4.47213595499958,0.03752505,0.023,0.047,0.3482111,0.3,0.375,0.542136,0.45,0.6,1.397402,0.02120535,0.1593483,0.04212264274661402,0.010835582832700707,True,0.1,0.85,10.0,10000.0,0.938,0.139
hermes.d.vmsub.zxpt.pi-.26,1 / 1 / -1 / 2002,52.657444,1.1181542827356161,1.0,4.47213595499958,0.03752505,0.023,0.047,0.3552817,0.3,0.375,0.7274046,0.6,0.8,0.7250162,0.01259306,0.08317345,0.021854554650778846,0.008126687124525526,True,0.1,0.85,10.0,10000.0,0.938,0.139
hermes.d.vmsub.zxpt.pi-.27,1 / 1 / -1 / 2002,52.657444,1.1181542827356161,1.0,4.47213595499958,0.03752505,0.023,0.047,0.3532729,0.3,0.375,0.9799376,0.8,1.2,0.1901313,0.004944713,0.0215846,0.0057312304010222505,0.0040633435622627655,True,0.1,0.85,10.0,10000.0,0.938,0.139
hermes.d.vmsub.zxpt.pi-.28,1 / 1 / -1 / 2002,52.657444,1.1181542827356161,1.0,4.47213595499958,0.03752505,0.023,0.047,0.4229711,0.375,0.475,0.09769397,0.0,0.15,0.3514376,0.01682129,0.01078718,0.010593573268484974,0.008126687124525533,True,0.1,0.85,10.0,10000.0,0.938,0.139
hermes.d.vmsub.zxpt.pi-.29,1 / 1 / -1 / 2002,52.657444,1.1181542827356161,1.0,4.47213595499958,0.03752505,0.023,0.047,0.4248118,0.375,0.475,0.2057207,0.15,0.25,0.6365048,0.02074331,0.1482885,0.01918650774573459,0.012190030686788299,True,0.1,0.85,10.0,10000.0,0.938,0.139
hermes.d.vmsub.zxpt.pi-.30,1 / 1 / -1 / 2002,52.657444,1.1181542827356161,1.0,4.47213595499958,0.03752505,0.023,0.047,0.427211,0.375,0.475,0.3059491,0.25,0.35,0.8563856,0.0212999,0.1442266,0.025814493382823767,0.0121900306867883,True,0.1,0.85,10.0,10000.0,0.938,0.139
hermes.d.vmsub.zxpt.pi-.31,1 / 1 / -1 / 2002,52.657444,1.1181542827356161,1.0,4.47213595499958,0.03752505,0.023,0.047,0.4323345,0.375,0.475,0.4106602,0.35,0.45,0.8651826,0.01970612,0.1062194,0.02607966610208563,0.012190030686788294,True,0.1,0.85,10.0,10000.0,0.938,0.139
hermes.d.vmsub.zxpt.pi-.32,1 / 1 / -1 / 2002,52.657444,1.1181542827356161,1.0,4.47213595499958,0.03752505,0.023,0.047,0.4366899,0.375,0.475,0.5410769,0.45,0.6,0.7579377,0.01451115,0.08709656,0.02284692519496202,0.008126687124525534,True,0.1,0.85,10.0,10000.0,0.938,0.139
hermes.d.vmsub.zxpt.pi-.33,1 / 1 / -1 / 2002,52.657444,1.1181542827356161,1.0,4.47213595499958,0.03752505,0.023,0.047,0.436964,0.375,0.475,0.7124313,0.6,0.8,0.4944455,0.009097682,0.05464257,0.01490433758801758,0.006095015343394147,True,0.1,0.85,10.0,10000.0,0.938,0.139
hermes.d.vmsub.zxpt.pi-.34,1 / 1 / -1 / 2002,52.657444,1.1181542827356161,1.0,4.47213595499958,0.03752505,0.023,0.047,0.4390603,0.375,0.475,0.9649691,0.8,1.2,0.1414455,0.003324349,0.01557598,0.004263668053012801,0.003047507671697075,True,0.1,0.85,10.0,10000.0,0.938,0.139
hermes.d.vmsub.zxpt.pi-.35,1 / 1 / -1 / 2002,52.657444,1.1181542827356161,1.0,4.47213595499958,0.03752505,0.023,0.047,0.5359247,0.475,0.6,0.1027273,0.0,0.15,0.1232447,0.008873673,0.0319837,0.003715031514563183,0.006501349699620424,True,0.1,0.85,10.0,10000.0,0.938,0.139
hermes.d.vmsub.zxpt.pi-.36,1 / 1 / -1 / 2002,52.657444,1.1181542827356161,1.0,4.47213595499958,0.03752505,0.023,0.047,0.5355355,0.475,0.6,0.2064245,0.15,0.25,0.3064462,0.01239838,0.0572967,0.009237373213761987,0.009752024549430636,True,0.1,0.85,10.0,10000.0,0.938,0.139
hermes.d.vmsub.zxpt.pi-.37,1 / 1 / -1 / 2002,52.657444,1.1181542827356161,1.0,4.47213595499958,0.03752505,0.023,0.047,0.5381569,0.475,0.6,0.3070614,0.25,0.35,0.4145124,0.01317584,0.05335861,0.012494871010089845,0.009752024549430638,True,0.1,0.85,10.0,10000.0,0.938,0.139
hermes.d.vmsub.zxpt.pi-.38,1 / 1 / -1 / 2002,52.657444,1.1181542827356161,1.0,4.47213595499958,0.03752505,0.023,0.047,0.5390925,0.475,0.6,0.4061281,0.35,0.45,0.5003372,0.01324282,0.04234999,0.01508193428121698,0.009752024549430633,True,0.1,0.85,10.0,10000.0,0.938,0.139
hermes.d.vmsub.zxpt.pi-.39,1 / 1 / -1 / 2002,52.657444,1.1181542827356161,1.0,4.47213595499958,0.03752505,0.023,0.047,0.5416997,0.475,0.6,0.5290748,0.45,0.6,0.3903489,0.009078228,0.01870321,0.011766497587117924,0.006501349699620425,True,0.1,0.85,10.0,10000.0,0.938,0.139
hermes.d.vmsub.zxpt.pi-.40,1 / 1 / -1 / 2002,52.657444,1.1181542827356161,1.0,4.47213595499958,0.03752505,0.023,0.047,0.5446066,0.475,0.6,0.7038513,0.6,0.8,0.2674588,0.006280114,0.01702528,0.00806215497175336,0.004876012274715316,True,0.1,0.85,10.0,10000.0,0.938,0.139
hermes.d.vmsub.zxpt.pi-.41,1 / 1 / -1 / 2002,52.657444,1.1181542827356161,1.0,4.47213595499958,0.03752505,0.023,0.047,0.5453021,0.475,0.6,0.9576247,0.8,1.2,0.09798154,0.002434599,0.006130236,0.0029535104466596384,0.0024380061373576595,True,0.1,0.85,10.0,10000.0,0.938,0.139
hermes.d.vmsub.zxpt.pi-.42,1 / 1 / -1 / 2002,52.657444,1.1181542827356161,1.0,4.47213595499958,0.03752505,0.023,0.047,0.6985163,0.6,0.8,0.1005371,0.0,0.15,0.0622687,0.003663037,0.002313752,0.0018769990342049636,0.004063343562262764,True,0.1,0.85,10.0,10000.0,0.938,0.139
hermes.d.vmsub.zxpt.pi-.43,1 / 1 / -1 / 2002,52.657444,1.1181542827356161,1.0,4.47213595499958,0.03752505,0.023,0.047,0.6930747,0.6,0.8,0.2038712,0.15,0.25,0.1360194,0.005985859,0.01081429,0.004100106191925295,0.006095015343394146,True,0.1,0.85,10.0,10000.0,0.938,0.139
hermes.d.vmsub.zxpt.pi-.44,1 / 1 / -1 / 2002,52.657444,1.1181542827356161,1.0,4.47213595499958,0.03752505,0.023,0.047,0.6970098,0.6,0.8,0.3017617,0.25,0.35,0.1800817,0.006092719,0.02515846,0.0054282998838579895,0.006095015343394147,True,0.1,0.85,10.0,10000.0,0.938,0.139
hermes.d.vmsub.zxpt.pi-.45,1 / 1 / -1 / 2002,52.657444,1.1181542827356161,1.0,4.47213595499958,0.03752505,0.023,0.047,0.6897106,0.6,0.8,0.3998223,0.35,0.45,0.1820676,0.005711466,0.03047235,0.005488161939465825,0.0060950153433941435,True,0.1,0.85,10.0,10000.0,0.938,0.139
hermes.d.vmsub.zxpt.pi-.46,1 / 1 / -1 / 2002,52.657444,1.1181542827356161,1.0,4.47213595499958,0.03752505,0.023,0.047,0.6895352,0.6,0.8,0.5214871,0.45,0.6,0.1486403,0.003996683,0.03001376,0.004480544792872439,0.004063343562262765,True,0.1,0.85,10.0,10000.0,0.938,0.139
hermes.d.vmsub.zxpt.pi-.47,1 / 1 / -1 / 2002,52.657444,1.1181542827356161,1.0,4.47213595499958,0.03752505,0.023,0.047,0.6860287,0.6,0.8,0.688781,0.6,0.8,0.09905781,0.00294056,0.0180804,0.002985953034196294,0.0030475076716970717,True,0.1,0.85,10.0,10000.0,0.938,0.139
hermes.d.vmsub.zxpt.pi-.48,1 / 1 / -1 / 2002,52.657444,1.1181542827356161,1.0,4.47213595499958,0.03752505,0.023,0.047,0.6878937,0.6,0.8,0.9637146,0.8,1.2,0.04133888,0.001301389,0.00752942,0.0012461001728816385,0.0015237538358485367,True,0.1,0.85,10.0,10000.0,0.938,0.139
hermes.d.vmsub.zxpt.pi-.49,1 / 1 / -1 / 2002,52.657444,1.1181542827356161,1.0,4.47213595499958,0.03752505,0.023,0.047,0.8952616,0.8,1.1,0.0895993,0.0,0.15,0.01205099,0.0008014334,0.0004483348,0.0003632594962029667,0.0027088957081751767,True,0.1,0.85,10.0,10000.0,0.938,0.139
hermes.d.vmsub.zxpt.pi-.50,1 / 1 / -1 / 2002,52.657444,1.1181542827356161,1.0,4.47213595499958,0.03752505,0.023,0.047,0.8861309,0.8,1.1,0.2027233,0.15,0.25,0.01836579,0.001223638,0.001449758,0.0005536099210744914,0.004063343562262765,True,0.1,0.85,10.0,10000.0,0.938,0.139
hermes.d.vmsub.zxpt.pi-.51,1 / 1 / -1 / 2002,52.657444,1.1181542827356161,1.0,4.47213595499958,0.03752505,0.023,0.047,0.8728642,0.8,1.1,0.2959061,0.25,0.35,0.02197301,0.00138943,0.003054188,0.0006623443005647462,0.0040633435622627655,True,0.1,0.85,10.0,10000.0,0.938,0.139
hermes.d.vmsub.zxpt.pi-.52,1 / 1 / -1 / 2002,52.657444,1.1181542827356161,1.0,4.47213595499958,0.03752505,0.023,0.047,0.8771957,0.8,1.1,0.3962515,0.35,0.45,0.01940991,0.001693682,0.003262527,0.0005850833938078884,0.004063343562262763,True,0.1,0.85,10.0,10000.0,0.938,0.139
hermes.d.vmsub.zxpt.pi-.53,1 / 1 / -1 / 2002,52.657444,1.1181542827356161,1.0,4.47213595499958,0.03752505,0.023,0.047,0.8642742,0.8,1.1,0.5156239,0.45,0.6,0.0116085,0.001063907,0.002345193,0.00034992128129490935,0.0027088957081751767,True,0.1,0.85,10.0,10000.0,0.938,0.139
hermes.d.vmsub.zxpt.pi-.54,1 / 1 / -1 / 2002,52.657444,1.1181542827356161,1.0,4.47213595499958,0.03752505,0.023,0.047,0.8684509,0.8,1.1,0.6885287,0.6,0.8,0.01264121,0.00108369,0.002304574,0.00038105081623965374,0.0020316717811313815,True,0.1,0.85,10.0,10000.0,0.938,0.139
hermes.d.vmsub.zxpt.pi-.55,1 / 1 / -1 / 2002,52.657444,1.1181542827356161,1.0,4.47213595499958,0.03752505,0.023,0.047,0.8595152,0.8,1.1,0.9640249,0.8,1.2,0.004654635,0.0005730672,0.0008506838,0.00014030717518715856,0.0010158358905656914,True,0.1,0.85,10.0,10000.0,0.938,0.139
hermes.d.vmsub.zxpt.pi-.56,1 / 1 / -1 / 2002,52.657444,1.231731301867416,1.0,4.47213595499958,0.06102772,0.047,0.075,0.1437799,0.1,0.2,0.1047091,0.0,0.15,3.622606,0.04245205,0.5307686,0.08841261012419858,0.004647803457151691,True,0.1,0.85,10.0,10000.0,0.938,0.139
hermes.d.vmsub.zxpt.pi-.57,1 / 1 / -1 / 2002,52.657444,1.231731301867416,1.0,4.47213595499958,0.06102772,0.047,0.075,0.146232,0.1,0.2,0.2107146,0.15,0.25,7.446036,0.06476754,0.565065,0.181726491326616,0.0069717051857275366,True,0.1,0.85,10.0,10000.0,0.938,0.139
hermes.d.vmsub.zxpt.pi-.58,1 / 1 / -1 / 2002,52.657444,1.231731301867416,1.0,4.47213595499958,0.06102772,0.047,0.075,0.1480782,0.1,0.2,0.3118108,0.25,0.35,8.001632,0.06397011,0.4309329,0.19528625811730874,0.006971705185727537,True,0.1,0.85,10.0,10000.0,0.938,0.139
hermes.d.vmsub.zxpt.pi-.59,1 / 1 / -1 / 2002,52.657444,1.231731301867416,1.0,4.47213595499958,0.06102772,0.047,0.075,0.1505657,0.1,0.2,0.4176236,0.35,0.45,6.329238,0.06266484,0.7404927,0.15447013881091742,0.006971705185727533,True,0.1,0.85,10.0,10000.0,0.938,0.139
hermes.d.vmsub.zxpt.pi-.60,1 / 1 / -1 / 2002,52.657444,1.231731301867416,1.0,4.47213595499958,0.06102772,0.047,0.075,0.1522786,0.1,0.2,0.5501876,0.45,0.6,3.790387,0.05328109,0.4693531,0.09250744023800288,0.004647803457151691,True,0.1,0.85,10.0,10000.0,0.938,0.139
hermes.d.vmsub.zxpt.pi-.61,1 / 1 / -1 / 2002,52.657444,1.231731301867416,1.0,4.47213595499958,0.06102772,0.047,0.075,0.1588141,0.1,0.2,0.7535266,0.6,0.8,1.530243,0.05686156,0.1408588,0.037346809935798704,0.0034858525928637665,True,0.1,0.85,10.0,10000.0,0.938,0.139
hermes.d.vmsub.zxpt.pi-.62,1 / 1 / -1 / 2002,52.657444,1.231731301867416,1.0,4.47213595499958,0.06102772,0.047,0.075,0.1683654,0.1,0.2,1.000536,0.8,1.2,0.2906112,0.05491196,0.02666263,0.007092599836505957,0.0017429262964318844,True,0.1,0.85,10.0,10000.0,0.938,0.139
hermes.d.vmsub.zxpt.pi-.63,1 / 1 / -1 / 2002,52.657444,1.231731301867416,1.0,4.47213595499958,0.06102772,0.047,0.075,0.2248749,0.2,0.25,0.1009056,0.0,0.15,1.65525,0.02821462,0.4001477,0.04039770621151726,0.009295606914303384,True,0.1,0.85,10.0,10000.0,0.938,0.139
hermes.d.vmsub.zxpt.pi-.64,1 / 1 / -1 / 2002,52.657444,1.231731301867416,1.0,4.47213595499958,0.06102772,0.047,0.075,0.2257747,0.2,0.25,0.2052801,0.15,0.25,3.517414,0.05098177,0.544201,0.08584531484445115,0.013943410371455077,True,0.1,0.85,10.0,10000.0,0.938,0.139
hermes.d.vmsub.zxpt.pi-.65,1 / 1 / -1 / 2002,52.657444,1.231731301867416,1.0,4.47213595499958,0.06102772,0.047,0.075,0.2264727,0.2,0.25,0.3046094,0.25,0.35,3.922698,0.05484278,0.3617622,0.09573659650234487,0.013943410371455078,True,0.1,0.85,10.0,10000.0,0.938,0.139
hermes.d.vmsub.zxpt.pi-.66,1 / 1 / -1 / 2002,52.657444,1.231731301867416,1.0,4.47213595499958,0.06102772,0.047,0.075,0.228523,0.2,0.25,0.4070827,0.35,0.45,3.628202,0.04926933,0.1809403,0.08854918500047687,0.013943410371455071,True,0.1,0.85,10.0,10000.0,0.938,0.139
hermes.d.vmsub.zxpt.pi-.67,1 / 1 / -1 / 2002,52.657444,1.231731301867416,1.0,4.47213595499958,0.06102772,0.047,0.075,0.231398,0.2,0.25,0.5349709,0.45,0.6,2.331667,0.03332788,0.1327128,0.05690620658455811,0.009295606914303386,True,0.1,0.85,10.0,10000.0,0.938,0.139
hermes.d.vmsub.zxpt.pi-.68,1 / 1 / -1 / 2002,52.657444,1.231731301867416,1.0,4.47213595499958,0.06102772,0.047,0.075,0.2354505,0.2,0.25,0.7176625,0.6,0.8,0.937936,0.02361235,0.04301102,0.02289108169352403,0.006971705185727536,True,0.1,0.85,10.0,10000.0,0.938,0.139
hermes.d.vmsub.zxpt.pi-.69,1 / 1 / -1 / 2002,52.657444,1.231731301867416,1.0,4.47213595499958,0.06102772,0.047,0.075,0.2442352,0.2,0.25,1.008097,0.8,1.2,0.1733317,0.01299324,0.008111654,0.0042302994071849245,0.0034858525928637696,True,0.1,0.85,10.0,10000.0,0.938,0.139
hermes.d.vmsub.zxpt.pi-.70,1 / 1 / -1 / 2002,52.657444,1.231731301867416,1.0,4.47213595499958,0.06102772,0.047,0.075,0.2740701,0.25,0.3,0.101457,0.0,0.15,1.122831,0.02341693,0.3228125,0.02740359272809795,0.009295606914303384,True,0.1,0.85,10.0,10000.0,0.938,0.139
hermes.d.vmsub.zxpt.pi-.71,1 / 1 / -1 / 2002,52.657444,1.231731301867416,1.0,4.47213595499958,0.06102772,0.047,0.075,0.2756408,0.25,0.3,0.203961,0.15,0.25,2.172378,0.03921053,0.4424117,0.053018630553912365,0.013943410371455077,True,0.1,0.85,10.0,10000.0,0.938,0.139
hermes.d.vmsub.zxpt.pi-.72,1 / 1 / -1 / 2002,52.657444,1.231731301867416,1.0,4.47213595499958,0.06102772,0.047,0.075,0.2766584,0.25,0.3,0.30412,0.25,0.35,2.507808,0.04490143,0.3513057,0.06120506921546151,0.013943410371455078,True,0.1,0.85,10.0,10000.0,0.938,0.139
hermes.d.vmsub.zxpt.pi-.73,1 / 1 / -1 / 2002,52.657444,1.231731301867416,1.0,4.47213595499958,0.06102772,0.047,0.075,0.2770903,0.25,0.3,0.4020601,0.35,0.45,2.334497,0.04229407,0.2322913,0.05697527500840864,0.013943410371455071,True,0.1,0.85,10.0,10000.0,0.938,0.139
hermes.d.vmsub.zxpt.pi-.74,1 / 1 / -1 / 2002,52.657444,1.231731301867416,1.0,4.47213595499958,0.06102772,0.047,0.075,0.2788727,0.25,0.3,0.5280376,0.45,0.6,1.722601,0.02751776,0.1698372,0.04204146148174949,0.009295606914303386,True,0.1,0.85,10.0,10000.0,0.938,0.139
hermes.d.vmsub.zxpt.pi-.75,1 / 1 / -1 / 2002,52.657444,1.231731301867416,1.0,4.47213595499958,0.06102772,0.047,0.075,0.2834146,0.25,0.3,0.7043677,0.6,0.8,0.7997166,0.01759542,0.06866541,0.019517726179896368,0.006971705185727536,True,0.1,0.85,10.0,10000.0,0.938,0.139
hermes.d.vmsub.zxpt.pi-.76,1 / 1 / -1 / 2002,52.657444,1.231731301867416,1.0,4.47213595499958,0.06102772,0.047,0.075,0.2866509,0.25,0.3,0.9684104,0.8,1.2,0.1592517,0.007620949,0.01371494,0.0038866656941759148,0.0034858525928637696,True,0.1,0.85,10.0,10000.0,0.938,0.139
hermes.d.vmsub.zxpt.pi-.77,1 / 1 / -1 / 2002,52.657444,1.231731301867416,1.0,4.47213595499958,0.06102772,0.047,0.075,0.3347103,0.3,0.375,0.1012641,0.0,0.15,0.6215281,0.01297836,0.01454009,0.01516889266636612,0.006197071276202254,True,0.1,0.85,10.0,10000.0,0.938,0.139
hermes.d.vmsub.zxpt.pi-.78,1 / 1 / -1 / 2002,52.657444,1.231731301867416,1.0,4.47213595499958,0.06102772,0.047,0.075,0.3360796,0.3,0.375,0.204552,0.15,0.25,1.298044,0.02350861,0.3091184,0.03167980677337122,0.009295606914303381,True,0.1,0.85,10.0,10000.0,0.938,0.139
hermes.d.vmsub.zxpt.pi-.79,1 / 1 / -1 / 2002,52.657444,1.231731301867416,1.0,4.47213595499958,0.06102772,0.047,0.075,0.3361253,0.3,0.375,0.302741,0.25,0.35,1.677923,0.02734418,0.2954877,0.04095105899383639,0.009295606914303383,True,0.1,0.85,10.0,10000.0,0.938,0.139
hermes.d.vmsub.zxpt.pi-.80,1 / 1 / -1 / 2002,52.657444,1.231731301867416,1.0,4.47213595499958,0.06102772,0.047,0.075,0.3382028,0.3,0.375,0.4037264,0.35,0.45,1.625606,0.0286873,0.2142231,0.03967422057313381,0.009295606914303376,True,0.1,0.85,10.0,10000.0,0.938,0.139
hermes.d.vmsub.zxpt.pi-.81,1 / 1 / -1 / 2002,52.657444,1.231731301867416,1.0,4.47213595499958,0.06102772,0.047,0.075,0.3403774,0.3,0.375,0.527333,0.45,0.6,1.203904,0.01878561,0.1595208,0.029382244433693083,0.006197071276202254,True,0.1,0.85,10.0,10000.0,0.938,0.139
hermes.d.vmsub.zxpt.pi-.82,1 / 1 / -1 / 2002,52.657444,1.231731301867416,1.0,4.47213595499958,0.06102772,0.047,0.075,0.3430873,0.3,0.375,0.6991284,0.6,0.8,0.6316852,0.01137716,0.07379235,0.01541678485290048,0.004647803457151688,True,0.1,0.85,10.0,10000.0,0.938,0.139
hermes.d.vmsub.zxpt.pi-.83,1 / 1 / -1 / 2002,52.657444,1.231731301867416,1.0,4.47213595499958,0.06102772,0.047,0.075,0.3463134,0.3,0.375,0.9580948,0.8,1.2,0.1277916,0.004098498,0.01524815,0.0031188566760910613,0.0023239017285758457,True,0.1,0.85,10.0,10000.0,0.938,0.139
hermes.d.vmsub.zxpt.pi-.84,1 / 1 / -1 / 2002,52.657444,1.231731301867416,1.0,4.47213595499958,0.06102772,0.047,0.075,0.4191309,0.375,0.475,0.1023959,0.0,0.15,0.3166515,0.007754664,0.008247237,0.007728134280885822,0.004647803457151692,True,0.1,0.85,10.0,10000.0,0.938,0.139
hermes.d.vmsub.zxpt.pi-.85,1 / 1 / -1 / 2002,52.657444,1.231731301867416,1.0,4.47213595499958,0.06102772,0.047,0.075,0.4221143,0.375,0.475,0.2038299,0.15,0.25,0.6940484,0.01424024,0.1719538,0.016938808856531408,0.006971705185727538,True,0.1,0.85,10.0,10000.0,0.938,0.139
hermes.d.vmsub.zxpt.pi-.86,1 / 1 / -1 / 2002,52.657444,1.231731301867416,1.0,4.47213595499958,0.06102772,0.047,0.075,0.4223718,0.375,0.475,0.3029971,0.25,0.35,0.8573023,0.01663989,0.1582264,0.020923151457397995,0.006971705185727539,True,0.1,0.85,10.0,10000.0,0.938,0.139
hermes.d.vmsub.zxpt.pi-.87,1 / 1 / -1 / 2002,52.657444,1.231731301867416,1.0,4.47213595499958,0.06102772,0.047,0.075,0.4230443,0.375,0.475,0.403085,0.35,0.45,0.9017543,0.01779129,0.1268483,0.02200803823372445,0.006971705185727536,True,0.1,0.85,10.0,10000.0,0.938,0.139
hermes.d.vmsub.zxpt.pi-.88,1 / 1 / -1 / 2002,52.657444,1.231731301867416,1.0,4.47213595499958,0.06102772,0.047,0.075,0.4245034,0.375,0.475,0.5267285,0.45,0.6,0.7447642,0.01317316,0.101593,0.018176568704700607,0.004647803457151693,True,0.1,0.85,10.0,10000.0,0.938,0.139
hermes.d.vmsub.zxpt.pi-.89,1 / 1 / -1 / 2002,52.657444,1.231731301867416,1.0,4.47213595499958,0.06102772,0.047,0.075,0.4259355,0.375,0.475,0.6919364,0.6,0.8,0.4295477,0.008101062,0.05117595,0.010483456751809667,0.003485852592863768,True,0.1,0.85,10.0,10000.0,0.938,0.139
hermes.d.vmsub.zxpt.pi-.90,1 / 1 / -1 / 2002,52.657444,1.231731301867416,1.0,4.47213595499958,0.06102772,0.047,0.075,0.4332284,0.375,0.475,0.9550508,0.8,1.2,0.1048169,0.002784274,0.01253254,0.0025581406628617936,0.0017429262964318848,True,0.1,0.85,10.0,10000.0,0.938,0.139
hermes.d.vmsub.zxpt.pi-.91,1 / 1 / -1 / 2002,52.657444,1.231731301867416,1.0,4.47213595499958,0.06102772,0.047,0.075,0.530534,0.475,0.6,0.1029542,0.0,0.15,0.1628747,0.004816128,0.04608379,0.003975087920186685,0.0037182427657213527,True,0.1,0.85,10.0,10000.0,0.938,0.139
hermes.d.vmsub.zxpt.pi-.92,1 / 1 / -1 / 2002,52.657444,1.231731301867416,1.0,4.47213595499958,0.06102772,0.047,0.075,0.5320203,0.475,0.6,0.2042669,0.15,0.25,0.3357701,0.008765976,0.07047674,0.008194739075312957,0.005577364148582029,True,0.1,0.85,10.0,10000.0,0.938,0.139
hermes.d.vmsub.zxpt.pi-.93,1 / 1 / -1 / 2002,52.657444,1.231731301867416,1.0,4.47213595499958,0.06102772,0.047,0.075,0.5324957,0.475,0.6,0.3016223,0.25,0.35,0.4464745,0.01019166,0.06874263,0.010896568906167687,0.00557736414858203,True,0.1,0.85,10.0,10000.0,0.938,0.139
hermes.d.vmsub.zxpt.pi-.94,1 / 1 / -1 / 2002,52.657444,1.231731301867416,1.0,4.47213595499958,0.06102772,0.047,0.075,0.5343863,0.475,0.6,0.4010222,0.35,0.45,0.4795369,0.01064501,0.05130121,0.01170348334316975,0.005577364148582027,True,0.1,0.85,10.0,10000.0,0.938,0.139
hermes.d.vmsub.zxpt.pi-.95,1 / 1 / -1 / 2002,52.657444,1.231731301867416,1.0,4.47213595499958,0.06102772,0.047,0.075,0.5336413,0.475,0.6,0.5230483,0.45,0.6,0.3923101,0.008322849,0.02797961,0.00957464320411476,0.0037182427657213536,True,0.1,0.85,10.0,10000.0,0.938,0.139
hermes.d.vmsub.zxpt.pi-.96,1 / 1 / -1 / 2002,52.657444,1.231731301867416,1.0,4.47213595499958,0.06102772,0.047,0.075,0.5351318,0.475,0.6,0.6953529,0.6,0.8,0.2554125,0.005770175,0.01811935,0.006233547281527957,0.0027886820742910137,True,0.1,0.85,10.0,10000.0,0.938,0.139
hermes.d.vmsub.zxpt.pi-.97,1 / 1 / -1 / 2002,52.657444,1.231731301867416,1.0,4.47213595499958,0.06102772,0.047,0.075,0.5414289,0.475,0.6,0.9536027,0.8,1.2,0.07706026,0.002059795,0.005625103,0.0018807175617357712,0.0013943410371455075,True,0.1,0.85,10.0,10000.0,0.938,0.139
hermes.d.vmsub.zxpt.pi-.98,1 / 1 / -1 / 2002,52.657444,1.231731301867416,1.0,4.47213595499958,0.06102772,0.047,0.075,0.6926562,0.6,0.8,0.1008781,0.0,0.15,0.06542054,0.002161095,0.003690088,0.0015966408428447747,0.002323901728575845,True,0.1,0.85,10.0,10000.0,0.938,0.139
hermes.d.vmsub.zxpt.pi-.99,1 / 1 / -1 / 2002,52.657444,1.231731301867416,1.0,4.47213595499958,0.06102772,0.047,0.075,0.6904875,0.6,0.8,0.2035933,0.15,0.25,0.1420603,0.003672431,0.006783665,0.003467095764216889,0.003485852592863767,True,0.1,0.85,10.0,10000.0,0.938,0.139
hermes.d.vmsub.zxpt.pi-.100,1 / 1 / -1 / 2002,52.657444,1.231731301867416,1.0,4.47213595499958,0.06102772,0.047,0.075,0.6888038,0.6,0.8,0.3027333,0.25,0.35,0.1898256,0.004390269,0.01832884,0.004632846289216125,0.003485852592863768,True,0.1,0.85,10.0,10000.0,0.938,0.139
hermes.d.vmsub.zxpt.pi-.101,1 / 1 / -1 / 2002,52.657444,1.231731301867416,1.0,4.47213595499958,0.06102772,0.047,0.075,0.6912678,0.6,0.8,0.3998414,0.35,0.45,0.1994775,0.004668799,0.02851093,0.00486840866383201,0.0034858525928637657,True,0.1,0.85,10.0,10000.0,0.938,0.139
hermes.d.vmsub.zxpt.pi-.102,1 / 1 / -1 / 2002,52.657444,1.231731301867416,1.0,4.47213595499958,0.06102772,0.047,0.075,0.6872697,0.6,0.8,0.5216925,0.45,0.6,0.1675574,0.003612875,0.02870446,0.0040893729761460095,0.0023239017285758452,True,0.1,0.85,10.0,10000.0,0.938,0.139
hermes.d.vmsub.zxpt.pi-.103,1 / 1 / -1 / 2002,52.657444,1.231731301867416,1.0,4.47213595499958,0.06102772,0.047,0.075,0.6854906,0.6,0.8,0.689708,0.6,0.8,0.1044202,0.002666288,0.01672457,0.0025484588806209785,0.0017429262964318828,True,0.1,0.85,10.0,10000.0,0.938,0.139
hermes.d.vmsub.zxpt.pi-.104,1 / 1 / -1 / 2002,52.657444,1.231731301867416,1.0,4.47213595499958,0.06102772,0.047,0.075,0.6816006,0.6,0.8,0.9456246,0.8,1.2,0.03690365,0.001125472,0.005902412,0.0009006632296225096,0.000871463148215942,True,0.1,0.85,10.0,10000.0,0.938,0.139
hermes.d.vmsub.zxpt.pi-.105,1 / 1 / -1 / 2002,52.657444,1.231731301867416,1.0,4.47213595499958,0.06102772,0.047,0.075,0.8956445,0.8,1.1,0.097753,0.0,0.15,0.0220704,0.0006791329,0.001273712,0.0005386458451416224,0.0015492678190505635,True,0.1,0.85,10.0,10000.0,0.938,0.139
hermes.d.vmsub.zxpt.pi-.106,1 / 1 / -1 / 2002,52.657444,1.231731301867416,1.0,4.47213595499958,0.06102772,0.047,0.075,0.8864406,0.8,1.1,0.2011365,0.15,0.25,0.03296136,0.00108805,0.001641996,0.0008044484746183698,0.0023239017285758452,True,0.1,0.85,10.0,10000.0,0.938,0.139
hermes.d.vmsub.zxpt.pi-.107,1 / 1 / -1 / 2002,52.657444,1.231731301867416,1.0,4.47213595499958,0.06102772,0.047,0.075,0.8852771,0.8,1.1,0.3003517,0.25,0.35,0.03583237,0.001213801,0.003492356,0.000874517780469648,0.0023239017285758457,True,0.1,0.85,10.0,10000.0,0.938,0.139
hermes.d.vmsub.zxpt.pi-.108,1 / 1 / -1 / 2002,52.657444,1.231731301867416,1.0,4.47213595499958,0.06102772,0.047,0.075,0.8718863,0.8,1.1,0.3978766,0.35,0.45,0.03250268,0.001311196,0.004653482,0.0007932540206778177,0.002323901728575844,True,0.1,0.85,10.0,10000.0,0.938,0.139
hermes.d.vmsub.zxpt.pi-.109,1 / 1 / -1 / 2002,52.657444,1.231731301867416,1.0,4.47213595499958,0.06102772,0.047,0.075,0.8682351,0.8,1.1,0.519197,0.45,0.6,0.02282129,0.0009116978,0.003926467,0.0005569719189172854,0.0015492678190505635,True,0.1,0.85,10.0,10000.0,0.938,0.139
hermes.d.vmsub.zxpt.pi-.110,1 / 1 / -1 / 2002,52.657444,1.231731301867416,1.0,4.47213595499958,0.06102772,0.047,0.075,0.8645714,0.8,1.1,0.6839109,0.6,0.8,0.01234677,0.0007088832,0.001986707,0.0003013328422420631,0.001161950864287922,True,0.1,0.85,10.0,10000.0,0.938,0.139
hermes.d.vmsub.zxpt.pi-.111,1 / 1 / -1 / 2002,52.657444,1.231731301867416,1.0,4.47213595499958,0.06102772,0.047,0.075,0.8626914,0.8,1.1,0.9297149,0.8,1.2,0.006059675,0.0004008417,0.0009720029,0.00014789123720723507,0.0005809754321439614,True,0.1,0.85,10.0,10000.0,0.938,0.139
hermes.d.vmsub.zxpt.pi-.112,1 / 1 / -1 / 2002,52.657444,1.3545013842739326,1.0,4.47213595499958,0.09568023,0.075,0.12,0.1405555,0.1,0.2,0.1022484,0.0,0.15,3.544445,0.04472016,0.5495986,0.07504262367972525,0.0033086742918828683,True,0.1,0.85,10.0,10000.0,0.938,0.139
hermes.d.vmsub.zxpt.pi-.113,1 / 1 / -1 / 2002,52.657444,1.3545013842739326,1.0,4.47213595499958,0.09568023,0.075,0.12,0.1421647,0.1,0.2,0.2050908,0.15,0.25,7.224847,0.07659991,0.3728427,0.15296371492986685,0.004963011437824302,True,0.1,0.85,10.0,10000.0,0.938,0.139
hermes.d.vmsub.zxpt.pi-.114,1 / 1 / -1 / 2002,52.657444,1.3545013842739326,1.0,4.47213595499958,0.09568023,0.075,0.12,0.1444806,0.1,0.2,0.3045646,0.25,0.35,7.492501,0.07594132,0.2979771,0.15863045779041998,0.004963011437824303,True,0.1,0.85,10.0,10000.0,0.938,0.139
hermes.d.vmsub.zxpt.pi-.115,1 / 1 / -1 / 2002,52.657444,1.3545013842739326,1.0,4.47213595499958,0.09568023,0.075,0.12,0.1454129,0.1,0.2,0.4047121,0.35,0.45,5.666891,0.06961672,0.4582578,0.11997883131125518,0.0049630114378243,True,0.1,0.85,10.0,10000.0,0.938,0.139
hermes.d.vmsub.zxpt.pi-.116,1 / 1 / -1 / 2002,52.657444,1.3545013842739326,1.0,4.47213595499958,0.09568023,0.075,0.12,0.1460593,0.1,0.2,0.5297188,0.45,0.6,3.307215,0.05721717,0.408187,0.070020014606784,0.0033086742918828683,True,0.1,0.85,10.0,10000.0,0.938,0.139
hermes.d.vmsub.zxpt.pi-.117,1 / 1 / -1 / 2002,52.657444,1.3545013842739326,1.0,4.47213595499958,0.09568023,0.075,0.12,0.1513125,0.1,0.2,0.7002521,0.6,0.8,1.216208,0.05605038,0.1059405,0.025749430238096876,0.00248150571891215,True,0.1,0.85,10.0,10000.0,0.938,0.139
hermes.d.vmsub.zxpt.pi-.118,1 / 1 / -1 / 2002,52.657444,1.3545013842739326,1.0,4.47213595499958,0.09568023,0.075,0.12,0.1701446,0.1,0.2,0.9606561,0.8,1.2,0.1556799,0.03617346,0.01367004,0.003296038773403808,0.0012407528594560757,True,0.1,0.85,10.0,10000.0,0.938,0.139
hermes.d.vmsub.zxpt.pi-.119,1 / 1 / -1 / 2002,52.657444,1.3545013842739326,1.0,4.47213595499958,0.09568023,0.075,0.12,0.2236371,0.2,0.25,0.1015195,0.0,0.15,1.569471,0.02653229,0.3871762,0.03322867801002472,0.006617348583765738,True,0.1,0.85,10.0,10000.0,0.938,0.139
hermes.d.vmsub.zxpt.pi-.120,1 / 1 / -1 / 2002,52.657444,1.3545013842739326,1.0,4.47213595499958,0.09568023,0.075,0.12,0.2237975,0.2,0.25,0.2043969,0.15,0.25,3.292767,0.05277859,0.5361631,0.06971412304211742,0.009926022875648607,True,0.1,0.85,10.0,10000.0,0.938,0.139
hermes.d.vmsub.zxpt.pi-.121,1 / 1 / -1 / 2002,52.657444,1.3545013842739326,1.0,4.47213595499958,0.09568023,0.075,0.12,0.2244707,0.2,0.25,0.3002356,0.25,0.35,3.689096,0.0608968,0.3796298,0.0781051597207404,0.009926022875648609,True,0.1,0.85,10.0,10000.0,0.938,0.139
hermes.d.vmsub.zxpt.pi-.122,1 / 1 / -1 / 2002,52.657444,1.3545013842739326,1.0,4.47213595499958,0.09568023,0.075,0.12,0.2249447,0.2,0.25,0.4007357,0.35,0.45,3.259815,0.05430123,0.1843328,0.06901646669944761,0.009926022875648604,True,0.1,0.85,10.0,10000.0,0.938,0.139
hermes.d.vmsub.zxpt.pi-.123,1 / 1 / -1 / 2002,52.657444,1.3545013842739326,1.0,4.47213595499958,0.09568023,0.075,0.12,0.2262679,0.2,0.25,0.5210609,0.45,0.6,1.889905,0.03364798,0.1197354,0.040012873582586594,0.006617348583765739,True,0.1,0.85,10.0,10000.0,0.938,0.139
hermes.d.vmsub.zxpt.pi-.124,1 / 1 / -1 / 2002,52.657444,1.3545013842739326,1.0,4.47213595499958,0.09568023,0.075,0.12,0.2289282,0.2,0.25,0.6978613,0.6,0.8,0.7701833,0.0230929,0.03669984,0.016306241328701374,0.004963011437824302,True,0.1,0.85,10.0,10000.0,0.938,0.139
hermes.d.vmsub.zxpt.pi-.125,1 / 1 / -1 / 2002,52.657444,1.3545013842739326,1.0,4.47213595499958,0.09568023,0.075,0.12,0.2349258,0.2,0.25,0.9589039,0.8,1.2,0.1389307,0.01284969,0.00724939,0.00294142643986881,0.002481505718912152,True,0.1,0.85,10.0,10000.0,0.938,0.139
hermes.d.vmsub.zxpt.pi-.126,1 / 1 / -1 / 2002,52.657444,1.3545013842739326,1.0,4.47213595499958,0.09568023,0.075,0.12,0.273144,0.25,0.3,0.1000524,0.0,0.15,1.052813,0.02002442,0.04127283,0.022290048163851484,0.006617348583765738,True,0.1,0.85,10.0,10000.0,0.938,0.139
hermes.d.vmsub.zxpt.pi-.127,1 / 1 / -1 / 2002,52.657444,1.3545013842739326,1.0,4.47213595499958,0.09568023,0.075,0.12,0.2742014,0.25,0.3,0.2034315,0.15,0.25,1.974094,0.03844719,0.4127689,0.04179531440053479,0.009926022875648607,True,0.1,0.85,10.0,10000.0,0.938,0.139
hermes.d.vmsub.zxpt.pi-.128,1 / 1 / -1 / 2002,52.657444,1.3545013842739326,1.0,4.47213595499958,0.09568023,0.075,0.12,0.2744731,0.25,0.3,0.3014581,0.25,0.35,2.504716,0.04826925,0.3668711,0.05302958861333346,0.009926022875648609,True,0.1,0.85,10.0,10000.0,0.938,0.139
hermes.d.vmsub.zxpt.pi-.129,1 / 1 / -1 / 2002,52.657444,1.3545013842739326,1.0,4.47213595499958,0.09568023,0.075,0.12,0.2750155,0.25,0.3,0.3994343,0.35,0.45,2.211609,0.04679511,0.2321513,0.046823957464058125,0.009926022875648604,True,0.1,0.85,10.0,10000.0,0.938,0.139
hermes.d.vmsub.zxpt.pi-.130,1 / 1 / -1 / 2002,52.657444,1.3545013842739326,1.0,4.47213595499958,0.09568023,0.075,0.12,0.2758238,0.25,0.3,0.5195724,0.45,0.6,1.533999,0.02833794,0.120842,0.0324776684874712,0.006617348583765739,True,0.1,0.85,10.0,10000.0,0.938,0.139
hermes.d.vmsub.zxpt.pi-.131,1 / 1 / -1 / 2002,52.657444,1.3545013842739326,1.0,4.47213595499958,0.09568023,0.075,0.12,0.2781068,0.25,0.3,0.692465,0.6,0.8,0.635613,0.01691987,0.05989451,0.013457132827548799,0.004963011437824302,True,0.1,0.85,10.0,10000.0,0.938,0.139
hermes.d.vmsub.zxpt.pi-.132,1 / 1 / -1 / 2002,52.657444,1.3545013842739326,1.0,4.47213595499958,0.09568023,0.075,0.12,0.2873405,0.25,0.3,0.9629027,0.8,1.2,0.1271138,0.007412093,0.01220611,0.0026912402528181025,0.002481505718912152,True,0.1,0.85,10.0,10000.0,0.938,0.139
hermes.d.vmsub.zxpt.pi-.133,1 / 1 / -1 / 2002,52.657444,1.3545013842739326,1.0,4.47213595499958,0.09568023,0.075,0.12,0.3350187,0.3,0.375,0.1027658,0.0,0.15,0.5894106,0.01110464,0.01880465,0.012478940383795226,0.004411565722510491,True,0.1,0.85,10.0,10000.0,0.938,0.139
hermes.d.vmsub.zxpt.pi-.134,1 / 1 / -1 / 2002,52.657444,1.3545013842739326,1.0,4.47213595499958,0.09568023,0.075,0.12,0.3337619,0.3,0.375,0.2024077,0.15,0.25,1.366286,0.02257697,0.3370152,0.028926866162933006,0.006617348583765735,True,0.1,0.85,10.0,10000.0,0.938,0.139
hermes.d.vmsub.zxpt.pi-.135,1 / 1 / -1 / 2002,52.657444,1.3545013842739326,1.0,4.47213595499958,0.09568023,0.075,0.12,0.3343155,0.3,0.375,0.3008084,0.25,0.35,1.596493,0.02777835,0.2913893,0.03380078500479358,0.006617348583765737,True,0.1,0.85,10.0,10000.0,0.938,0.139
hermes.d.vmsub.zxpt.pi-.136,1 / 1 / -1 / 2002,52.657444,1.3545013842739326,1.0,4.47213595499958,0.09568023,0.075,0.12,0.3365299,0.3,0.375,0.4004103,0.35,0.45,1.528041,0.03021977,0.2113883,0.032351526326460434,0.006617348583765732,True,0.1,0.85,10.0,10000.0,0.938,0.139
hermes.d.vmsub.zxpt.pi-.137,1 / 1 / -1 / 2002,52.657444,1.3545013842739326,1.0,4.47213595499958,0.09568023,0.075,0.12,0.3373386,0.3,0.375,0.5211182,0.45,0.6,1.130992,0.01971639,0.1256461,0.023945245882156393,0.004411565722510491,True,0.1,0.85,10.0,10000.0,0.938,0.139
hermes.d.vmsub.zxpt.pi-.138,1 / 1 / -1 / 2002,52.657444,1.3545013842739326,1.0,4.47213595499958,0.09568023,0.075,0.12,0.3389413,0.3,0.375,0.6871187,0.6,0.8,0.5120701,0.01078632,0.06408493,0.010841495300939717,0.003308674291882866,True,0.1,0.85,10.0,10000.0,0.938,0.139
hermes.d.vmsub.zxpt.pi-.139,1 / 1 / -1 / 2002,52.657444,1.3545013842739326,1.0,4.47213595499958,0.09568023,0.075,0.12,0.34035,0.3,0.375,0.9395465,0.8,1.2,0.09520504,0.003718968,0.01190178,0.002015671279744273,0.0016543371459414341,True,0.1,0.85,10.0,10000.0,0.938,0.139
hermes.d.vmsub.zxpt.pi-.140,1 / 1 / -1 / 2002,52.657444,1.3545013842739326,1.0,4.47213595499958,0.09568023,0.075,0.12,0.4197449,0.375,0.475,0.1015787,0.0,0.15,0.3250343,0.007135242,0.007516076,0.006881592649315456,0.003308674291882869,True,0.1,0.85,10.0,10000.0,0.938,0.139
hermes.d.vmsub.zxpt.pi-.141,1 / 1 / -1 / 2002,52.657444,1.3545013842739326,1.0,4.47213595499958,0.09568023,0.075,0.12,0.4211993,0.375,0.475,0.2035669,0.15,0.25,0.6648856,0.01278723,0.1712066,0.014076889293209044,0.0049630114378243035,True,0.1,0.85,10.0,10000.0,0.938,0.139
hermes.d.vmsub.zxpt.pi-.142,1 / 1 / -1 / 2002,52.657444,1.3545013842739326,1.0,4.47213595499958,0.09568023,0.075,0.12,0.4205983,0.375,0.475,0.3018664,0.25,0.35,0.878481,0.01666344,0.1724503,0.018599109054531448,0.004963011437824304,True,0.1,0.85,10.0,10000.0,0.938,0.139
hermes.d.vmsub.zxpt.pi-.143,1 / 1 / -1 / 2002,52.657444,1.3545013842739326,1.0,4.47213595499958,0.09568023,0.075,0.12,0.4207448,0.375,0.475,0.3994426,0.35,0.45,0.8354998,0.0180501,0.1275413,0.01768911552468319,0.004963011437824302,True,0.1,0.85,10.0,10000.0,0.938,0.139
hermes.d.vmsub.zxpt.pi-.144,1 / 1 / -1 / 2002,52.657444,1.3545013842739326,1.0,4.47213595499958,0.09568023,0.075,0.12,0.4224693,0.375,0.475,0.5212053,0.45,0.6,0.688318,0.013831,0.08565024,0.014572997647299118,0.0033086742918828696,True,0.1,0.85,10.0,10000.0,0.938,0.139
hermes.d.vmsub.zxpt.pi-.145,1 / 1 / -1 / 2002,52.657444,1.3545013842739326,1.0,4.47213595499958,0.09568023,0.075,0.12,0.4230292,0.375,0.475,0.6873688,0.6,0.8,0.3719089,0.007971961,0.04912958,0.00787401684208404,0.002481505718912151,True,0.1,0.85,10.0,10000.0,0.938,0.139
hermes.d.vmsub.zxpt.pi-.146,1 / 1 / -1 / 2002,52.657444,1.3545013842739326,1.0,4.47213595499958,0.09568023,0.075,0.12,0.4278919,0.375,0.475,0.9344264,0.8,1.2,0.07559472,0.002491373,0.01004918,0.0016004836088962307,0.001240752859456076,True,0.1,0.85,10.0,10000.0,0.938,0.139
hermes.d.vmsub.zxpt.pi-.147,1 / 1 / -1 / 2002,52.657444,1.3545013842739326,1.0,4.47213595499958,0.09568023,0.075,0.12,0.531144,0.475,0.6,0.100832,0.0,0.15,0.1554307,0.004554871,0.01114842,0.003290762736726419,0.0026469394335062947,True,0.1,0.85,10.0,10000.0,0.938,0.139
hermes.d.vmsub.zxpt.pi-.148,1 / 1 / -1 / 2002,52.657444,1.3545013842739326,1.0,4.47213595499958,0.09568023,0.075,0.12,0.5304791,0.475,0.6,0.20151,0.15,0.25,0.3562209,0.008332787,0.07310562,0.007541872125411183,0.0039704091502594414,True,0.1,0.85,10.0,10000.0,0.938,0.139
hermes.d.vmsub.zxpt.pi-.149,1 / 1 / -1 / 2002,52.657444,1.3545013842739326,1.0,4.47213595499958,0.09568023,0.075,0.12,0.5315282,0.475,0.6,0.3013297,0.25,0.35,0.4430427,0.01008765,0.06296279,0.009380054313199784,0.003970409150259442,True,0.1,0.85,10.0,10000.0,0.938,0.139
hermes.d.vmsub.zxpt.pi-.150,1 / 1 / -1 / 2002,52.657444,1.3545013842739326,1.0,4.47213595499958,0.09568023,0.075,0.12,0.5320185,0.475,0.6,0.4000689,0.35,0.45,0.4578752,0.01136216,0.04531148,0.009694086472177996,0.003970409150259441,True,0.1,0.85,10.0,10000.0,0.938,0.139
hermes.d.vmsub.zxpt.pi-.151,1 / 1 / -1 / 2002,52.657444,1.3545013842739326,1.0,4.47213595499958,0.09568023,0.075,0.12,0.535106,0.475,0.6,0.5215305,0.45,0.6,0.3962289,0.009095667,0.03444377,0.008388917371755377,0.0026469394335062947,True,0.1,0.85,10.0,10000.0,0.938,0.139
hermes.d.vmsub.zxpt.pi-.152,1 / 1 / -1 / 2002,52.657444,1.3545013842739326,1.0,4.47213595499958,0.09568023,0.075,0.12,0.5348418,0.475,0.6,0.6872634,0.6,0.8,0.2265036,0.006139008,0.01612767,0.004795510839328306,0.0019852045751297203,True,0.1,0.85,10.0,10000.0,0.938,0.139
hermes.d.vmsub.zxpt.pi-.153,1 / 1 / -1 / 2002,52.657444,1.3545013842739326,1.0,4.47213595499958,0.09568023,0.075,0.12,0.5395787,0.475,0.6,0.933219,0.8,1.2,0.06739458,0.002090819,0.004837237,0.0014268710912408394,0.0009926022875648606,True,0.1,0.85,10.0,10000.0,0.938,0.139
hermes.d.vmsub.zxpt.pi-.154,1 / 1 / -1 / 2002,52.657444,1.3545013842739326,1.0,4.47213595499958,0.09568023,0.075,0.12,0.6966411,0.6,0.8,0.1025228,0.0,0.15,0.07711278,0.002518416,0.004005724,0.0016326238185209374,0.0016543371459414335,True,0.1,0.85,10.0,10000.0,0.938,0.139
hermes.d.vmsub.zxpt.pi-.155,1 / 1 / -1 / 2002,52.657444,1.3545013842739326,1.0,4.47213595499958,0.09568023,0.075,0.12,0.6929334,0.6,0.8,0.2036861,0.15,0.25,0.171344,0.004721409,0.006651321,0.003627677481743642,0.0024815057189121505,True,0.1,0.85,10.0,10000.0,0.938,0.139
hermes.d.vmsub.zxpt.pi-.156,1 / 1 / -1 / 2002,52.657444,1.3545013842739326,1.0,4.47213595499958,0.09568023,0.075,0.12,0.6948079,0.6,0.8,0.3003861,0.25,0.35,0.2021254,0.005311415,0.01951771,0.004279378105264417,0.002481505718912151,True,0.1,0.85,10.0,10000.0,0.938,0.139
hermes.d.vmsub.zxpt.pi-.157,1 / 1 / -1 / 2002,52.657444,1.3545013842739326,1.0,4.47213595499958,0.09568023,0.075,0.12,0.692347,0.6,0.8,0.3997635,0.35,0.45,0.2088587,0.005556516,0.02720537,0.004421934837848135,0.002481505718912149,True,0.1,0.85,10.0,10000.0,0.938,0.139
hermes.d.vmsub.zxpt.pi-.158,1 / 1 / -1 / 2002,52.657444,1.3545013842739326,1.0,4.47213595499958,0.09568023,0.075,0.12,0.6904066,0.6,0.8,0.5209034,0.45,0.6,0.1793667,0.004377392,0.02937122,0.003797533258034523,0.0016543371459414337,True,0.1,0.85,10.0,10000.0,0.938,0.139
hermes.d.vmsub.zxpt.pi-.159,1 / 1 / -1 / 2002,52.657444,1.3545013842739326,1.0,4.47213595499958,0.09568023,0.075,0.12,0.6842413,0.6,0.8,0.6901865,0.6,0.8,0.1280712,0.003568463,0.0183135,0.0027115102267945557,0.0012407528594560746,True,0.1,0.85,10.0,10000.0,0.938,0.139
hermes.d.vmsub.zxpt.pi-.160,1 / 1 / -1 / 2002,52.657444,1.3545013842739326,1.0,4.47213595499958,0.09568023,0.075,0.12,0.6837917,0.6,0.8,0.9257609,0.8,1.2,0.03983546,0.001367434,0.00572311,0.0008433922472739027,0.0006203764297280377,True,0.1,0.85,10.0,10000.0,0.938,0.139
hermes.d.vmsub.zxpt.pi-.161,1 / 1 / -1 / 2002,52.657444,1.3545013842739326,1.0,4.47213595499958,0.09568023,0.075,0.12,0.900118,0.8,1.1,0.09903951,0.0,0.15,0.02705711,0.0008241114,0.001526372,0.0005728503400647861,0.0011028914306276227,True,0.1,0.85,10.0,10000.0,0.938,0.139
hermes.d.vmsub.zxpt.pi-.162,1 / 1 / -1 / 2002,52.657444,1.3545013842739326,1.0,4.47213595499958,0.09568023,0.075,0.12,0.8947327,0.8,1.1,0.2001511,0.15,0.25,0.06073729,0.001866388,0.002615858,0.001285923634531313,0.0016543371459414337,True,0.1,0.85,10.0,10000.0,0.938,0.139
hermes.d.vmsub.zxpt.pi-.163,1 / 1 / -1 / 2002,52.657444,1.3545013842739326,1.0,4.47213595499958,0.09568023,0.075,0.12,0.8847846,0.8,1.1,0.3001287,0.25,0.35,0.05763119,0.001917315,0.00560056,0.0012201616059452876,0.0016543371459414341,True,0.1,0.85,10.0,10000.0,0.938,0.139
hermes.d.vmsub.zxpt.pi-.164,1 / 1 / -1 / 2002,52.657444,1.3545013842739326,1.0,4.47213595499958,0.09568023,0.075,0.12,0.8813142,0.8,1.1,0.3958329,0.35,0.45,0.04780959,0.001859939,0.006239241,0.0010122197045382155,0.001654337145941433,True,0.1,0.85,10.0,10000.0,0.938,0.139
hermes.d.vmsub.zxpt.pi-.165,1 / 1 / -1 / 2002,52.657444,1.3545013842739326,1.0,4.47213595499958,0.09568023,0.075,0.12,0.8733491,0.8,1.1,0.5192597,0.45,0.6,0.03575876,0.001420278,0.00582643,0.0007570807756739383,0.0011028914306276227,True,0.1,0.85,10.0,10000.0,0.938,0.139
hermes.d.vmsub.zxpt.pi-.166,1 / 1 / -1 / 2002,52.657444,1.3545013842739326,1.0,4.47213595499958,0.09568023,0.075,0.12,0.8609921,0.8,1.1,0.6857535,0.6,0.8,0.0142691,0.0008512413,0.002045892,0.00030210391233278204,0.0008271685729707165,True,0.1,0.85,10.0,10000.0,0.938,0.139
hermes.d.vmsub.zxpt.pi-.167,1 / 1 / -1 / 2002,52.657444,1.3545013842739326,1.0,4.47213595499958,0.09568023,0.075,0.12,0.8571117,0.8,1.1,0.935689,0.8,1.2,0.006138371,0.0004773391,0.0008787764,0.00012996095720473551,0.00041358428648535854,True,0.1,0.85,10.0,10000.0,0.938,0.139
hermes.d.vmsub.zxpt.pi-.168,1 / 1 / -1 / 2002,52.657444,1.6976840106450906,1.0,4.47213595499958,0.1519989,0.12,0.2,0.1398873,0.1,0.2,0.1012055,0.0,0.15,3.546854,0.0538689,0.4648905,0.06288853564311378,0.004842599885841268,True,0.1,0.85,10.0,10000.0,0.938,0.139
hermes.d.vmsub.zxpt.pi-.169,1 / 1 / -1 / 2002,52.657444,1.6976840106450906,1.0,4.47213595499958,0.1519989,0.12,0.2,0.1410735,0.1,0.2,0.2023477,0.15,0.25,7.026419,0.1038278,0.4251926,0.12458398392630536,0.007263899828761901,True,0.1,0.85,10.0,10000.0,0.938,0.139
hermes.d.vmsub.zxpt.pi-.170,1 / 1 / -1 / 2002,52.657444,1.6976840106450906,1.0,4.47213595499958,0.1519989,0.12,0.2,0.1417853,0.1,0.2,0.2996167,0.25,0.35,7.200486,0.1083,0.605137,0.12767032994838293,0.007263899828761902,True,0.1,0.85,10.0,10000.0,0.938,0.139
hermes.d.vmsub.zxpt.pi-.171,1 / 1 / -1 / 2002,52.657444,1.6976840106450906,1.0,4.47213595499958,0.1519989,0.12,0.2,0.14335,0.1,0.2,0.3974894,0.35,0.45,5.397284,0.09452105,0.6636539,0.09569812775208895,0.0072638998287618975,True,0.1,0.85,10.0,10000.0,0.938,0.139
hermes.d.vmsub.zxpt.pi-.172,1 / 1 / -1 / 2002,52.657444,1.6976840106450906,1.0,4.47213595499958,0.1519989,0.12,0.2,0.1436791,0.1,0.2,0.5179257,0.45,0.6,3.143374,0.07289987,0.43376,0.05573451510511488,0.004842599885841268,True,0.1,0.85,10.0,10000.0,0.938,0.139
hermes.d.vmsub.zxpt.pi-.173,1 / 1 / -1 / 2002,52.657444,1.6976840106450906,1.0,4.47213595499958,0.1519989,0.12,0.2,0.147484,0.1,0.2,0.6772763,0.6,0.8,1.041114,0.0672427,0.1198821,0.018459777283627903,0.0036319499143809488,True,0.1,0.85,10.0,10000.0,0.938,0.139
hermes.d.vmsub.zxpt.pi-.174,1 / 1 / -1 / 2002,52.657444,1.6980350408634093,1.0,4.47213595499958,0.1520017,0.12,0.2,0.1561459,0.1,0.2,0.8816627,0.8,1.2,0.1569819,0.04690927,0.01861578,0.002783413643040769,0.0018159749571904755,True,0.1,0.85,10.0,10000.0,0.938,0.139
hermes.d.vmsub.zxpt.pi-.175,1 / 1 / -1 / 2002,52.657444,1.6976840106450906,1.0,4.47213595499958,0.1519989,0.12,0.2,0.2233437,0.2,0.25,0.1008904,0.0,0.15,1.446701,0.02943569,0.3287397,0.025651156603409202,0.009685199771682538,True,0.1,0.85,10.0,10000.0,0.938,0.139
hermes.d.vmsub.zxpt.pi-.176,1 / 1 / -1 / 2002,52.657444,1.6976840106450906,1.0,4.47213595499958,0.1519989,0.12,0.2,0.2228768,0.2,0.25,0.2017537,0.15,0.25,3.144547,0.06247163,0.4533348,0.05575531332582241,0.014527799657523805,True,0.1,0.85,10.0,10000.0,0.938,0.139
hermes.d.vmsub.zxpt.pi-.177,1 / 1 / -1 / 2002,52.657444,1.6976840106450906,1.0,4.47213595499958,0.1519989,0.12,0.2,0.2240126,0.2,0.25,0.3001192,0.25,0.35,3.587426,0.07751248,0.2958437,0.06360790939464468,0.014527799657523807,True,0.1,0.85,10.0,10000.0,0.938,0.139
hermes.d.vmsub.zxpt.pi-.178,1 / 1 / -1 / 2002,52.657444,1.6976840106450906,1.0,4.47213595499958,0.1519989,0.12,0.2,0.224499,0.2,0.25,0.399778,0.35,0.45,3.034959,0.07243714,0.1106614,0.05381223113409488,0.0145277996575238,True,0.1,0.85,10.0,10000.0,0.938,0.139
hermes.d.vmsub.zxpt.pi-.179,1 / 1 / -1 / 2002,52.657444,1.6976840106450906,1.0,4.47213595499958,0.1519989,0.12,0.2,0.22427,0.2,0.25,0.5167295,0.45,0.6,1.866132,0.04309131,0.07633081,0.03308800102760226,0.00968519977168254,True,0.1,0.85,10.0,10000.0,0.938,0.139
hermes.d.vmsub.zxpt.pi-.180,1 / 1 / -1 / 2002,52.657444,1.6976840106450906,1.0,4.47213595499958,0.1519989,0.12,0.2,0.2255208,0.2,0.25,0.6870016,0.6,0.8,0.7005729,0.02845542,0.01898413,0.012421713380998933,0.0072638998287619,True,0.1,0.85,10.0,10000.0,0.938,0.139
hermes.d.vmsub.zxpt.pi-.181,1 / 1 / -1 / 2002,52.657444,1.6980350408634093,1.0,4.47213595499958,0.1520017,0.12,0.2,0.2245824,0.2,0.25,0.9139569,0.8,1.2,0.0918773,0.01509804,0.002744223,0.001629057428313389,0.003631949914380952,True,0.1,0.85,10.0,10000.0,0.938,0.139
hermes.d.vmsub.zxpt.pi-.182,1 / 1 / -1 / 2002,52.657444,1.6976840106450906,1.0,4.47213595499958,0.1519989,0.12,0.2,0.2736076,0.25,0.3,0.1004201,0.0,0.15,0.9743712,0.02265944,0.266743,0.017276374483083754,0.009685199771682538,True,0.1,0.85,10.0,10000.0,0.938,0.139
hermes.d.vmsub.zxpt.pi-.183,1 / 1 / -1 / 2002,52.657444,1.6976840106450906,1.0,4.47213595499958,0.1519989,0.12,0.2,0.2738908,0.25,0.3,0.2021673,0.15,0.25,2.136756,0.04556191,0.4048186,0.03788637927206399,0.014527799657523805,True,0.1,0.85,10.0,10000.0,0.938,0.139
hermes.d.vmsub.zxpt.pi-.184,1 / 1 / -1 / 2002,52.657444,1.6976840106450906,1.0,4.47213595499958,0.1519989,0.12,0.2,0.27358,0.25,0.3,0.3008282,0.25,0.35,2.261077,0.05659336,0.2883802,0.04009068924357325,0.014527799657523807,True,0.1,0.85,10.0,10000.0,0.938,0.139
hermes.d.vmsub.zxpt.pi-.185,1 / 1 / -1 / 2002,52.657444,1.6976840106450906,1.0,4.47213595499958,0.1519989,0.12,0.2,0.2737956,0.25,0.3,0.3991061,0.35,0.45,2.154153,0.06033203,0.1921031,0.03819484188557535,0.0145277996575238,True,0.1,0.85,10.0,10000.0,0.938,0.139
hermes.d.vmsub.zxpt.pi-.186,1 / 1 / -1 / 2002,52.657444,1.6976840106450906,1.0,4.47213595499958,0.1519989,0.12,0.2,0.2745014,0.25,0.3,0.5166714,0.45,0.6,1.39237,0.03713274,0.1261169,0.02468782486490911,0.00968519977168254,True,0.1,0.85,10.0,10000.0,0.938,0.139
hermes.d.vmsub.zxpt.pi-.187,1 / 1 / -1 / 2002,52.657444,1.6976840106450906,1.0,4.47213595499958,0.1519989,0.12,0.2,0.2757778,0.25,0.3,0.6823514,0.6,0.8,0.5638412,0.0208112,0.03872793,0.009997351851318392,0.0072638998287619,True,0.1,0.85,10.0,10000.0,0.938,0.139
hermes.d.vmsub.zxpt.pi-.188,1 / 1 / -1 / 2002,52.657444,1.6976840106450906,1.0,4.47213595499958,0.1519989,0.12,0.2,0.2797388,0.25,0.3,0.93823,0.8,1.2,0.09910003,0.00842971,0.006830702,0.0017571221620310972,0.003631949914380952,True,0.1,0.85,10.0,10000.0,0.938,0.139
hermes.d.vmsub.zxpt.pi-.189,1 / 1 / -1 / 2002,52.657444,1.6976840106450906,1.0,4.47213595499958,0.1519989,0.12,0.2,0.3343603,0.3,0.375,0.101151,0.0,0.15,0.6211833,0.01380912,0.01413908,0.011014072781951849,0.006456799847788356,True,0.1,0.85,10.0,10000.0,0.938,0.139
hermes.d.vmsub.zxpt.pi-.190,1 / 1 / -1 / 2002,52.657444,1.6976840106450906,1.0,4.47213595499958,0.1519989,0.12,0.2,0.3346868,0.3,0.375,0.2033801,0.15,0.25,1.30426,0.02516176,0.3006084,0.02312556465472996,0.009685199771682532,True,0.1,0.85,10.0,10000.0,0.938,0.139
hermes.d.vmsub.zxpt.pi-.191,1 / 1 / -1 / 2002,52.657444,1.6976840106450906,1.0,4.47213595499958,0.1519989,0.12,0.2,0.3344515,0.3,0.375,0.2999965,0.25,0.35,1.528721,0.03101995,0.2618272,0.02710543628152626,0.009685199771682536,True,0.1,0.85,10.0,10000.0,0.938,0.139
hermes.d.vmsub.zxpt.pi-.192,1 / 1 / -1 / 2002,52.657444,1.6976840106450906,1.0,4.47213595499958,0.1519989,0.12,0.2,0.3351311,0.3,0.375,0.3991792,0.35,0.45,1.478942,0.03668584,0.1852727,0.02622281511477438,0.009685199771682529,True,0.1,0.85,10.0,10000.0,0.938,0.139
hermes.d.vmsub.zxpt.pi-.193,1 / 1 / -1 / 2002,52.657444,1.6976840106450906,1.0,4.47213595499958,0.1519989,0.12,0.2,0.3357879,0.3,0.375,0.5202722,0.45,0.6,1.073711,0.02492764,0.1356215,0.019037747957458453,0.006456799847788356,True,0.1,0.85,10.0,10000.0,0.938,0.139
hermes.d.vmsub.zxpt.pi-.194,1 / 1 / -1 / 2002,52.657444,1.6976840106450906,1.0,4.47213595499958,0.1519989,0.12,0.2,0.3364869,0.3,0.375,0.6811848,0.6,0.8,0.4830839,0.01363135,0.05095678,0.008565460846080614,0.0048425998858412644,True,0.1,0.85,10.0,10000.0,0.938,0.139
hermes.d.vmsub.zxpt.pi-.195,1 / 1 / -1 / 2002,52.657444,1.6976840106450906,1.0,4.47213595499958,0.1519989,0.12,0.2,0.339125,0.3,0.375,0.9237612,0.8,1.2,0.08857141,0.004728102,0.009366733,0.001570441375581246,0.002421299942920634,True,0.1,0.85,10.0,10000.0,0.938,0.139
hermes.d.vmsub.zxpt.pi-.196,1 / 1 / -1 / 2002,52.657444,1.6976840106450906,1.0,4.47213595499958,0.1519989,0.12,0.2,0.4196422,0.375,0.475,0.1019176,0.0,0.15,0.3120656,0.008146882,0.005735066,0.005533170693969835,0.004842599885841269,True,0.1,0.85,10.0,10000.0,0.938,0.139
hermes.d.vmsub.zxpt.pi-.197,1 / 1 / -1 / 2002,52.657444,1.6976840106450906,1.0,4.47213595499958,0.1519989,0.12,0.2,0.4199596,0.375,0.475,0.2024109,0.15,0.25,0.6846957,0.01555392,0.1684772,0.012140198027360794,0.007263899828761903,True,0.1,0.85,10.0,10000.0,0.938,0.139
hermes.d.vmsub.zxpt.pi-.198,1 / 1 / -1 / 2002,52.657444,1.6976840106450906,1.0,4.47213595499958,0.1519989,0.12,0.2,0.4201381,0.375,0.475,0.3008661,0.25,0.35,0.8093579,0.01861266,0.1495946,0.014350557745592492,0.007263899828761904,True,0.1,0.85,10.0,10000.0,0.938,0.139
hermes.d.vmsub.zxpt.pi-.199,1 / 1 / -1 / 2002,52.657444,1.6976840106450906,1.0,4.47213595499958,0.1519989,0.12,0.2,0.4216214,0.375,0.475,0.399052,0.35,0.45,0.8632567,0.02176292,0.121538,0.015306226235166934,0.0072638998287619,True,0.1,0.85,10.0,10000.0,0.938,0.139
hermes.d.vmsub.zxpt.pi-.200,1 / 1 / -1 / 2002,52.657444,1.6976840106450906,1.0,4.47213595499958,0.1519989,0.12,0.2,0.4203427,0.375,0.475,0.5200862,0.45,0.6,0.6815292,0.01674934,0.09409703,0.012084053469926536,0.00484259988584127,True,0.1,0.85,10.0,10000.0,0.938,0.139
hermes.d.vmsub.zxpt.pi-.201,1 / 1 / -1 / 2002,52.657444,1.6976840106450906,1.0,4.47213595499958,0.1519989,0.12,0.2,0.4214382,0.375,0.475,0.6846083,0.6,0.8,0.3459748,0.01022674,0.04058384,0.006134407714955045,0.00363194991438095,True,0.1,0.85,10.0,10000.0,0.938,0.139
hermes.d.vmsub.zxpt.pi-.202,1 / 1 / -1 / 2002,52.657444,1.6976840106450906,1.0,4.47213595499958,0.1519989,0.12,0.2,0.4240989,0.375,0.475,0.92965,0.8,1.2,0.07187623,0.003014535,0.008508738,0.0012744225875233781,0.001815974957190476,True,0.1,0.85,10.0,10000.0,0.938,0.139
hermes.d.vmsub.zxpt.pi-.203,1 / 1 / -1 / 2002,52.657444,1.6976840106450906,1.0,4.47213595499958,0.1519989,0.12,0.2,0.5308327,0.475,0.6,0.09974532,0.0,0.15,0.1500629,0.005386323,0.04250082,0.0026607342832152153,0.003874079908673014,True,0.1,0.85,10.0,10000.0,0.938,0.139
hermes.d.vmsub.zxpt.pi-.204,1 / 1 / -1 / 2002,52.657444,1.6976840106450906,1.0,4.47213595499958,0.1519989,0.12,0.2,0.5300436,0.475,0.6,0.2037233,0.15,0.25,0.3215374,0.009874445,0.06830556,0.005701113223294258,0.005811119863009521,True,0.1,0.85,10.0,10000.0,0.938,0.139
hermes.d.vmsub.zxpt.pi-.205,1 / 1 / -1 / 2002,52.657444,1.6976840106450906,1.0,4.47213595499958,0.1519989,0.12,0.2,0.5308199,0.475,0.6,0.2998932,0.25,0.35,0.437334,0.01178482,0.06862228,0.007754278819186107,0.0058111198630095215,True,0.1,0.85,10.0,10000.0,0.938,0.139
hermes.d.vmsub.zxpt.pi-.206,1 / 1 / -1 / 2002,52.657444,1.6976840106450906,1.0,4.47213595499958,0.1519989,0.12,0.2,0.5309378,0.475,0.6,0.399155,0.35,0.45,0.4219318,0.01289657,0.04730231,0.007481185592432943,0.005811119863009519,True,0.1,0.85,10.0,10000.0,0.938,0.139
hermes.d.vmsub.zxpt.pi-.207,1 / 1 / -1 / 2002,52.657444,1.6976840106450906,1.0,4.47213595499958,0.1519989,0.12,0.2,0.5299453,0.475,0.6,0.5220738,0.45,0.6,0.3392535,0.01001583,0.02543841,0.006015233732992985,0.0038740799086730143,True,0.1,0.85,10.0,10000.0,0.938,0.139
hermes.d.vmsub.zxpt.pi-.208,1 / 1 / -1 / 2002,52.657444,1.6976840106450906,1.0,4.47213595499958,0.1519989,0.12,0.2,0.5341354,0.475,0.6,0.6856602,0.6,0.8,0.2025471,0.007192007,0.01367498,0.0035913207923865295,0.0029055599315047594,True,0.1,0.85,10.0,10000.0,0.938,0.139
hermes.d.vmsub.zxpt.pi-.209,1 / 1 / -1 / 2002,52.657444,1.6976840106450906,1.0,4.47213595499958,0.1519989,0.12,0.2,0.5355733,0.475,0.6,0.9240201,0.8,1.2,0.05482119,0.002354711,0.003758317,0.0009720231961374539,0.0014527799657523804,True,0.1,0.85,10.0,10000.0,0.938,0.139
hermes.d.vmsub.zxpt.pi-.210,1 / 1 / -1 / 2002,52.657444,1.6976840106450906,1.0,4.47213595499958,0.1519989,0.12,0.2,0.6920851,0.6,0.8,0.1003207,0.0,0.15,0.0659575,0.003223426,0.003725189,0.0011694788084541054,0.0024212999429206327,True,0.1,0.85,10.0,10000.0,0.938,0.139
hermes.d.vmsub.zxpt.pi-.211,1 / 1 / -1 / 2002,52.657444,1.6976840106450906,1.0,4.47213595499958,0.1519989,0.12,0.2,0.6896588,0.6,0.8,0.2012125,0.15,0.25,0.1383333,0.005806718,0.00692055,0.002452759168457329,0.003631949914380949,True,0.1,0.85,10.0,10000.0,0.938,0.139
hermes.d.vmsub.zxpt.pi-.212,1 / 1 / -1 / 2002,52.657444,1.6976840106450906,1.0,4.47213595499958,0.1519989,0.12,0.2,0.6887922,0.6,0.8,0.3007572,0.25,0.35,0.1767803,0.006679753,0.01826716,0.003134454983923879,0.00363194991438095,True,0.1,0.85,10.0,10000.0,0.938,0.139
hermes.d.vmsub.zxpt.pi-.213,1 / 1 / -1 / 2002,52.657444,1.6976840106450906,1.0,4.47213595499958,0.1519989,0.12,0.2,0.6886512,0.6,0.8,0.3997642,0.35,0.45,0.190458,0.006833788,0.02793993,0.0033769714573862256,0.003631949914380948,True,0.1,0.85,10.0,10000.0,0.938,0.139
hermes.d.vmsub.zxpt.pi-.214,1 / 1 / -1 / 2002,52.657444,1.6976840106450906,1.0,4.47213595499958,0.1519989,0.12,0.2,0.6875582,0.6,0.8,0.5230754,0.45,0.6,0.157821,0.005052758,0.02878344,0.0027982915518179937,0.002421299942920633,True,0.1,0.85,10.0,10000.0,0.938,0.139
hermes.d.vmsub.zxpt.pi-.215,1 / 1 / -1 / 2002,52.657444,1.6976840106450906,1.0,4.47213595499958,0.1519989,0.12,0.2,0.6837874,0.6,0.8,0.6838177,0.6,0.8,0.1147413,0.004066649,0.01905929,0.0020344542895724526,0.001815974957190474,True,0.1,0.85,10.0,10000.0,0.938,0.139
hermes.d.vmsub.zxpt.pi-.216,1 / 1 / -1 / 2002,52.657444,1.6976840106450906,1.0,4.47213595499958,0.1519989,0.12,0.2,0.6873142,0.6,0.8,0.9346231,0.8,1.2,0.03493485,0.001559481,0.00577655,0.0006194226092790494,0.0009079874785952375,True,0.1,0.85,10.0,10000.0,0.938,0.139
hermes.d.vmsub.zxpt.pi-.217,1 / 1 / -1 / 2002,52.657444,1.6976840106450906,1.0,4.47213595499958,0.1519989,0.12,0.2,0.8963962,0.8,1.1,0.1016864,0.0,0.15,0.03344888,0.001514889,0.001798305,0.0005930751821479642,0.001614199961947089,True,0.1,0.85,10.0,10000.0,0.938,0.139
hermes.d.vmsub.zxpt.pi-.218,1 / 1 / -1 / 2002,52.657444,1.6976840106450906,1.0,4.47213595499958,0.1519989,0.12,0.2,0.8889608,0.8,1.1,0.1993821,0.15,0.25,0.06366463,0.002871073,0.003159999,0.001128824404094629,0.002421299942920633,True,0.1,0.85,10.0,10000.0,0.938,0.139
hermes.d.vmsub.zxpt.pi-.219,1 / 1 / -1 / 2002,52.657444,1.6976840106450906,1.0,4.47213595499958,0.1519989,0.12,0.2,0.8894068,0.8,1.1,0.2970469,0.25,0.35,0.05165318,0.002801847,0.005312973,0.0009158518652051006,0.002421299942920634,True,0.1,0.85,10.0,10000.0,0.938,0.139
hermes.d.vmsub.zxpt.pi-.220,1 / 1 / -1 / 2002,52.657444,1.6976840106450906,1.0,4.47213595499958,0.1519989,0.12,0.2,0.8807541,0.8,1.1,0.3982731,0.35,0.45,0.04860253,0.002762661,0.007126185,0.0008617614201911065,0.0024212999429206322,True,0.1,0.85,10.0,10000.0,0.938,0.139
hermes.d.vmsub.zxpt.pi-.221,1 / 1 / -1 / 2002,52.657444,1.6976840106450906,1.0,4.47213595499958,0.1519989,0.12,0.2,0.8762816,0.8,1.1,0.5168078,0.45,0.6,0.03716798,0.001831964,0.006754019,0.0006590177760382977,0.001614199961947089,True,0.1,0.85,10.0,10000.0,0.938,0.139
hermes.d.vmsub.zxpt.pi-.222,1 / 1 / -1 / 2002,52.657444,1.6976840106450906,1.0,4.47213595499958,0.1519989,0.12,0.2,0.8652258,0.8,1.1,0.6810784,0.6,0.8,0.01787872,0.00123431,0.002960787,0.00031700389132827323,0.0012106499714603161,True,0.1,0.85,10.0,10000.0,0.938,0.139
hermes.d.vmsub.zxpt.pi-.223,1 / 1 / -1 / 2002,52.657444,1.6976840106450906,1.0,4.47213595499958,0.1519989,0.12,0.2,0.8534248,0.8,1.1,0.9252413,0.8,1.2,0.004138691,0.0004741292,0.0006865576,7.338227524147715e-05,0.0006053249857301585,True,0.1,0.85,10.0,10000.0,0.938,0.139
hermes.d.vmsub.zxpt.pi-.224,1 / 1 / -1 / 2002,52.657444,2.2854782869237678,1.0,4.47213595499958,0.2530129,0.2,0.35,0.1395006,0.1,0.2,0.1014675,0.0,0.15,3.241922,0.08788532,0.2361774,0.048802189626055495,0.010892052546546528,True,0.1,0.85,10.0,10000.0,0.938,0.139
hermes.d.vmsub.zxpt.pi-.225,1 / 1 / -1 / 2002,52.657444,2.2854782869237678,1.0,4.47213595499958,0.2530129,0.2,0.35,0.1399749,0.1,0.2,0.2027109,0.15,0.25,6.89637,0.1894441,0.9598164,0.10381432880601085,0.01633807881981979,True,0.1,0.85,10.0,10000.0,0.938,0.139
hermes.d.vmsub.zxpt.pi-.226,1 / 1 / -1 / 2002,52.657444,2.2854782869237678,1.0,4.47213595499958,0.2530129,0.2,0.35,0.1416343,0.1,0.2,0.2994458,0.25,0.35,7.108716,0.2176336,1.354814,0.1070108738673462,0.016338078819819794,True,0.1,0.85,10.0,10000.0,0.938,0.139
hermes.d.vmsub.zxpt.pi-.227,1 / 1 / -1 / 2002,52.657444,2.2854782869237678,1.0,4.47213595499958,0.2530129,0.2,0.35,0.1436054,0.1,0.2,0.3970902,0.35,0.45,5.395169,0.1818942,1.253588,0.08121603807945292,0.016338078819819784,True,0.1,0.85,10.0,10000.0,0.938,0.139
hermes.d.vmsub.zxpt.pi-.228,1 / 1 / -1 / 2002,52.657444,2.2854782869237678,1.0,4.47213595499958,0.2530129,0.2,0.35,0.143295,0.1,0.2,0.5160508,0.45,0.6,3.135609,0.1245346,0.8468774,0.047201809608980794,0.010892052546546528,True,0.1,0.85,10.0,10000.0,0.938,0.139
hermes.d.vmsub.zxpt.pi-.229,1 / 1 / -1 / 2002,52.657444,2.2854782869237678,1.0,4.47213595499958,0.2530129,0.2,0.35,0.1460519,0.1,0.2,0.6725504,0.6,0.8,1.165148,0.1162706,0.3003455,0.017539525515548895,0.008169039409909892,True,0.1,0.85,10.0,10000.0,0.938,0.139
hermes.d.vmsub.zxpt.pi-.230,1 / 1 / -1 / 2002,52.657444,2.284980306260866,1.0,4.47213595499958,0.2530607,0.2,0.35,0.1587489,0.1,0.2,0.9124201,0.8,1.2,0.08072151,0.1031631,0.01143541,0.0012151391791417358,0.004084519704954949,True,0.1,0.85,10.0,10000.0,0.938,0.139
hermes.d.vmsub.zxpt.pi-.231,1 / 1 / -1 / 2002,52.657444,2.2854782869237678,1.0,4.47213595499958,0.2530129,0.2,0.35,0.2233545,0.2,0.25,0.1020104,0.0,0.15,1.485195,0.04735404,0.1283715,0.022357344816337187,0.02178410509309306,True,0.1,0.85,10.0,10000.0,0.938,0.139
hermes.d.vmsub.zxpt.pi-.232,1 / 1 / -1 / 2002,52.657444,2.2854782869237678,1.0,4.47213595499958,0.2530129,0.2,0.35,0.2236389,0.2,0.25,0.2030038,0.15,0.25,2.994854,0.09433244,0.08312114,0.04508295782882833,0.03267615763963959,True,0.1,0.85,10.0,10000.0,0.938,0.139
hermes.d.vmsub.zxpt.pi-.233,1 / 1 / -1 / 2002,52.657444,2.2854782869237678,1.0,4.47213595499958,0.2530129,0.2,0.35,0.2233206,0.2,0.25,0.2997642,0.25,0.35,3.499012,0.1258851,0.2523298,0.05267228734307725,0.032676157639639596,True,0.1,0.85,10.0,10000.0,0.938,0.139
hermes.d.vmsub.zxpt.pi-.234,1 / 1 / -1 / 2002,52.657444,2.2854782869237678,1.0,4.47213595499958,0.2530129,0.2,0.35,0.223556,0.2,0.25,0.3962902,0.35,0.45,3.05836,0.1310283,0.3368342,0.04603894377000529,0.032676157639639575,True,0.1,0.85,10.0,10000.0,0.938,0.139
hermes.d.vmsub.zxpt.pi-.235,1 / 1 / -1 / 2002,52.657444,2.2854782869237678,1.0,4.47213595499958,0.2530129,0.2,0.35,0.2232339,0.2,0.25,0.5171401,0.45,0.6,1.978039,0.07686755,0.285858,0.029776359321949507,0.021784105093093066,True,0.1,0.85,10.0,10000.0,0.938,0.139
hermes.d.vmsub.zxpt.pi-.236,1 / 1 / -1 / 2002,52.657444,2.2854782869237678,1.0,4.47213595499958,0.2530129,0.2,0.35,0.2246955,0.2,0.25,0.6824892,0.6,0.8,0.8223521,0.04946919,0.11109,0.012379256232440185,0.016338078819819787,True,0.1,0.85,10.0,10000.0,0.938,0.139
hermes.d.vmsub.zxpt.pi-.237,1 / 1 / -1 / 2002,52.657444,2.2854782869237678,1.0,4.47213595499958,0.2530129,0.2,0.35,0.2250512,0.2,0.25,0.9024505,0.8,1.2,0.1070507,0.02577672,0.01450436,0.001611484965092306,0.008169039409909899,True,0.1,0.85,10.0,10000.0,0.938,0.139
hermes.d.vmsub.zxpt.pi-.238,1 / 1 / -1 / 2002,52.657444,2.2854782869237678,1.0,4.47213595499958,0.2530129,0.2,0.35,0.2727878,0.25,0.3,0.1004011,0.0,0.15,0.9357822,0.03741621,0.117832,0.014086773331711062,0.02178410509309306,True,0.1,0.85,10.0,10000.0,0.938,0.139
hermes.d.vmsub.zxpt.pi-.239,1 / 1 / -1 / 2002,52.657444,2.2854782869237678,1.0,4.47213595499958,0.2530129,0.2,0.35,0.2730542,0.25,0.3,0.2024239,0.15,0.25,2.071786,0.06992015,0.113911,0.031187577380519027,0.03267615763963959,True,0.1,0.85,10.0,10000.0,0.938,0.139
hermes.d.vmsub.zxpt.pi-.240,1 / 1 / -1 / 2002,52.657444,2.2854782869237678,1.0,4.47213595499958,0.2530129,0.2,0.35,0.2737805,0.25,0.3,0.2993898,0.25,0.35,2.417785,0.08897176,0.06977642,0.03639606444727312,0.032676157639639596,True,0.1,0.85,10.0,10000.0,0.938,0.139
hermes.d.vmsub.zxpt.pi-.241,1 / 1 / -1 / 2002,52.657444,2.2854782869237678,1.0,4.47213595499958,0.2530129,0.2,0.35,0.2735902,0.25,0.3,0.3986939,0.35,0.45,2.021503,0.09740425,0.1339019,0.030430643530485947,0.032676157639639575,True,0.1,0.85,10.0,10000.0,0.938,0.139
hermes.d.vmsub.zxpt.pi-.242,1 / 1 / -1 / 2002,52.657444,2.2854782869237678,1.0,4.47213595499958,0.2530129,0.2,0.35,0.274328,0.25,0.3,0.5177601,0.45,0.6,1.608086,0.06850766,0.1574735,0.02420728133095277,0.021784105093093066,True,0.1,0.85,10.0,10000.0,0.938,0.139
hermes.d.vmsub.zxpt.pi-.243,1 / 1 / -1 / 2002,52.657444,2.2854782869237678,1.0,4.47213595499958,0.2530129,0.2,0.35,0.2734017,0.25,0.3,0.6826585,0.6,0.8,0.6059677,0.03535964,0.05552932,0.009121919220346667,0.016338078819819787,True,0.1,0.85,10.0,10000.0,0.938,0.139
hermes.d.vmsub.zxpt.pi-.244,1 / 1 / -1 / 2002,52.657444,2.2854782869237678,1.0,4.47213595499958,0.2530129,0.2,0.35,0.2753434,0.25,0.3,0.9192111,0.8,1.2,0.1052726,0.01439302,0.009395482,0.001584718382375606,0.008169039409909899,True,0.1,0.85,10.0,10000.0,0.938,0.139
hermes.d.vmsub.zxpt.pi-.245,1 / 1 / -1 / 2002,52.657444,2.2854782869237678,1.0,4.47213595499958,0.2530129,0.2,0.35,0.3341569,0.3,0.375,0.09986429,0.0,0.15,0.5762606,0.02222885,0.09447765,0.008674724152902049,0.014522736728728702,True,0.1,0.85,10.0,10000.0,0.938,0.139
hermes.d.vmsub.zxpt.pi-.246,1 / 1 / -1 / 2002,52.657444,2.2854782869237678,1.0,4.47213595499958,0.2530129,0.2,0.35,0.3340373,0.3,0.375,0.2028636,0.15,0.25,1.131865,0.03917988,0.1004438,0.01703850072922646,0.021784105093093052,True,0.1,0.85,10.0,10000.0,0.938,0.139
hermes.d.vmsub.zxpt.pi-.247,1 / 1 / -1 / 2002,52.657444,2.2854782869237678,1.0,4.47213595499958,0.2530129,0.2,0.35,0.3330417,0.3,0.375,0.3010536,0.25,0.35,1.571365,0.0499626,0.06725382,0.02365450269986344,0.021784105093093056,True,0.1,0.85,10.0,10000.0,0.938,0.139
hermes.d.vmsub.zxpt.pi-.248,1 / 1 / -1 / 2002,52.657444,2.2854782869237678,1.0,4.47213595499958,0.2530129,0.2,0.35,0.3342359,0.3,0.375,0.3993285,0.35,0.45,1.562714,0.0563721,0.05103149,0.023524275093383396,0.021784105093093042,True,0.1,0.85,10.0,10000.0,0.938,0.139
hermes.d.vmsub.zxpt.pi-.249,1 / 1 / -1 / 2002,52.657444,2.2854782869237678,1.0,4.47213595499958,0.2530129,0.2,0.35,0.3349098,0.3,0.375,0.5184466,0.45,0.6,1.033226,0.04236288,0.06407306,0.015553641074205614,0.014522736728728702,True,0.1,0.85,10.0,10000.0,0.938,0.139
hermes.d.vmsub.zxpt.pi-.250,1 / 1 / -1 / 2002,52.657444,2.2854782869237678,1.0,4.47213595499958,0.2530129,0.2,0.35,0.3360628,0.3,0.375,0.683739,0.6,0.8,0.5961636,0.02621498,0.04811089,0.00897433345260987,0.010892052546546521,True,0.1,0.85,10.0,10000.0,0.938,0.139
hermes.d.vmsub.zxpt.pi-.251,1 / 1 / -1 / 2002,52.657444,2.2854782869237678,1.0,4.47213595499958,0.2530129,0.2,0.35,0.3392237,0.3,0.375,0.9278642,0.8,1.2,0.1081643,0.008090606,0.008626908,0.001628248514112787,0.005446026273273264,True,0.1,0.85,10.0,10000.0,0.938,0.139
hermes.d.vmsub.zxpt.pi-.252,1 / 1 / -1 / 2002,52.657444,2.2854782869237678,1.0,4.47213595499958,0.2530129,0.2,0.35,0.4198112,0.375,0.475,0.09967201,0.0,0.15,0.2841653,0.0132279,0.05195008,0.0042776750507091,0.01089205254654653,True,0.1,0.85,10.0,10000.0,0.938,0.139
hermes.d.vmsub.zxpt.pi-.253,1 / 1 / -1 / 2002,52.657444,2.2854782869237678,1.0,4.47213595499958,0.2530129,0.2,0.35,0.4206323,0.375,0.475,0.2026882,0.15,0.25,0.5859313,0.02390839,0.05931327,0.008820301787162433,0.016338078819819794,True,0.1,0.85,10.0,10000.0,0.938,0.139
hermes.d.vmsub.zxpt.pi-.254,1 / 1 / -1 / 2002,52.657444,2.2854782869237678,1.0,4.47213595499958,0.2530129,0.2,0.35,0.4187012,0.375,0.475,0.3005442,0.25,0.35,0.7776398,0.02996464,0.03924155,0.011706180771890215,0.016338078819819798,True,0.1,0.85,10.0,10000.0,0.938,0.139
hermes.d.vmsub.zxpt.pi-.255,1 / 1 / -1 / 2002,52.657444,2.2854782869237678,1.0,4.47213595499958,0.2530129,0.2,0.35,0.4209265,0.375,0.475,0.4008244,0.35,0.45,0.8073745,0.03191523,0.0208102,0.012153791315226505,0.016338078819819787,True,0.1,0.85,10.0,10000.0,0.938,0.139
hermes.d.vmsub.zxpt.pi-.256,1 / 1 / -1 / 2002,52.657444,2.2854782869237678,1.0,4.47213595499958,0.2530129,0.2,0.35,0.4198839,0.375,0.475,0.5218467,0.45,0.6,0.6450593,0.0249722,0.03529129,0.00971038361769673,0.010892052546546533,True,0.1,0.85,10.0,10000.0,0.938,0.139
hermes.d.vmsub.zxpt.pi-.257,1 / 1 / -1 / 2002,52.657444,2.2854782869237678,1.0,4.47213595499958,0.2530129,0.2,0.35,0.4215252,0.375,0.475,0.6834361,0.6,0.8,0.3660587,0.01784356,0.01608327,0.005510455245890358,0.008169039409909894,True,0.1,0.85,10.0,10000.0,0.938,0.139
hermes.d.vmsub.zxpt.pi-.258,1 / 1 / -1 / 2002,52.657444,2.2854782869237678,1.0,4.47213595499958,0.2530129,0.2,0.35,0.4214685,0.375,0.475,0.9160692,0.8,1.2,0.08605568,0.005775633,0.004127259,0.001295436970340172,0.0040845197049549494,True,0.1,0.85,10.0,10000.0,0.938,0.139
hermes.d.vmsub.zxpt.pi-.259,1 / 1 / -1 / 2002,52.657444,2.2854782869237678,1.0,4.47213595499958,0.2530129,0.2,0.35,0.5326375,0.475,0.6,0.1017679,0.0,0.15,0.1361795,0.008703974,0.01915921,0.0020499746083284622,0.008713642037237223,True,0.1,0.85,10.0,10000.0,0.938,0.139
hermes.d.vmsub.zxpt.pi-.260,1 / 1 / -1 / 2002,52.657444,2.2854782869237678,1.0,4.47213595499958,0.2530129,0.2,0.35,0.5275946,0.475,0.6,0.2038081,0.15,0.25,0.2974707,0.01646889,0.01872444,0.004477967548138254,0.013070463055855833,True,0.1,0.85,10.0,10000.0,0.938,0.139
hermes.d.vmsub.zxpt.pi-.261,1 / 1 / -1 / 2002,52.657444,2.2854782869237678,1.0,4.47213595499958,0.2530129,0.2,0.35,0.5298844,0.475,0.6,0.30189,0.25,0.35,0.3336514,0.01865178,0.0161327,0.005022612787043887,0.013070463055855835,True,0.1,0.85,10.0,10000.0,0.938,0.139
hermes.d.vmsub.zxpt.pi-.262,1 / 1 / -1 / 2002,52.657444,2.2854782869237678,1.0,4.47213595499958,0.2530129,0.2,0.35,0.529492,0.475,0.6,0.3995747,0.35,0.45,0.3842059,0.0208549,0.03130026,0.00578363365535917,0.013070463055855828,True,0.1,0.85,10.0,10000.0,0.938,0.139
hermes.d.vmsub.zxpt.pi-.263,1 / 1 / -1 / 2002,52.657444,2.2854782869237678,1.0,4.47213595499958,0.2530129,0.2,0.35,0.5302242,0.475,0.6,0.522833,0.45,0.6,0.3305259,0.01529062,0.0402187,0.004975563153006968,0.008713642037237223,True,0.1,0.85,10.0,10000.0,0.938,0.139
hermes.d.vmsub.zxpt.pi-.264,1 / 1 / -1 / 2002,52.657444,2.2854782869237678,1.0,4.47213595499958,0.2530129,0.2,0.35,0.5313566,0.475,0.6,0.6882272,0.6,0.8,0.1966784,0.01137931,0.01925024,0.002960693246829872,0.006535231527927914,True,0.1,0.85,10.0,10000.0,0.938,0.139
hermes.d.vmsub.zxpt.pi-.265,1 / 1 / -1 / 2002,52.657444,2.2854782869237678,1.0,4.47213595499958,0.2530129,0.2,0.35,0.5339252,0.475,0.6,0.9363833,0.8,1.2,0.05286705,0.004145719,0.005174569,0.0007958327803908166,0.0032676157639639587,True,0.1,0.85,10.0,10000.0,0.938,0.139
hermes.d.vmsub.zxpt.pi-.266,1 / 1 / -1 / 2002,52.657444,2.2854782869237678,1.0,4.47213595499958,0.2530129,0.2,0.35,0.6921248,0.6,0.8,0.09785178,0.0,0.15,0.05360111,0.004808104,0.005810397,0.0008068829337618423,0.005446026273273261,True,0.1,0.85,10.0,10000.0,0.938,0.139
hermes.d.vmsub.zxpt.pi-.267,1 / 1 / -1 / 2002,52.657444,2.2854782869237678,1.0,4.47213595499958,0.2530129,0.2,0.35,0.6843604,0.6,0.8,0.2062039,0.15,0.25,0.1387481,0.009870317,0.02539517,0.002088640962507707,0.008169039409909894,True,0.1,0.85,10.0,10000.0,0.938,0.139
hermes.d.vmsub.zxpt.pi-.268,1 / 1 / -1 / 2002,52.657444,2.2854782869237678,1.0,4.47213595499958,0.2530129,0.2,0.35,0.6895474,0.6,0.8,0.3021381,0.25,0.35,0.1474689,0.01135253,0.03742945,0.002219919301496401,0.008169039409909894,True,0.1,0.85,10.0,10000.0,0.938,0.139
hermes.d.vmsub.zxpt.pi-.269,1 / 1 / -1 / 2002,52.657444,2.2854782869237678,1.0,4.47213595499958,0.2530129,0.2,0.35,0.6841163,0.6,0.8,0.4002593,0.35,0.45,0.1698826,0.01204837,0.04889136,0.0025573233592194183,0.00816903940990989,True,0.1,0.85,10.0,10000.0,0.938,0.139
hermes.d.vmsub.zxpt.pi-.270,1 / 1 / -1 / 2002,52.657444,2.2854782869237678,1.0,4.47213595499958,0.2530129,0.2,0.35,0.6833502,0.6,0.8,0.5207509,0.45,0.6,0.1393939,0.008291647,0.004087963,0.002098362496233844,0.005446026273273263,True,0.1,0.85,10.0,10000.0,0.938,0.139
hermes.d.vmsub.zxpt.pi-.271,1 / 1 / -1 / 2002,52.657444,2.2854782869237678,1.0,4.47213595499958,0.2530129,0.2,0.35,0.6790957,0.6,0.8,0.6883197,0.6,0.8,0.1026166,0.00579501,0.002837428,0.0015447363545394016,0.004084519704954945,True,0.1,0.85,10.0,10000.0,0.938,0.139
hermes.d.vmsub.zxpt.pi-.272,1 / 1 / -1 / 2002,52.657444,2.2854782869237678,1.0,4.47213595499958,0.2530129,0.2,0.35,0.6802225,0.6,0.8,0.9371552,0.8,1.2,0.02764469,0.002288946,0.0007800564,0.0004161486314394733,0.0020422598524774734,True,0.1,0.85,10.0,10000.0,0.938,0.139
hermes.d.vmsub.zxpt.pi-.273,1 / 1 / -1 / 2002,52.657444,2.2854782869237678,1.0,4.47213595499958,0.2530129,0.2,0.35,0.8940915,0.8,1.1,0.1013489,0.0,0.15,0.01968692,0.002132792,0.00213546,0.0002963565449733166,0.0036306841821821755,True,0.1,0.85,10.0,10000.0,0.938,0.139
hermes.d.vmsub.zxpt.pi-.274,1 / 1 / -1 / 2002,52.657444,2.2854782869237678,1.0,4.47213595499958,0.2530129,0.2,0.35,0.8877418,0.8,1.1,0.2012088,0.15,0.25,0.05119003,0.004641439,0.009391782,0.0007705878028599915,0.005446026273273263,True,0.1,0.85,10.0,10000.0,0.938,0.139
hermes.d.vmsub.zxpt.pi-.275,1 / 1 / -1 / 2002,52.657444,2.2854782869237678,1.0,4.47213595499958,0.2530129,0.2,0.35,0.8871996,0.8,1.1,0.3002519,0.25,0.35,0.03718989,0.005329545,0.009450144,0.0005598370546707,0.005446026273273264,True,0.1,0.85,10.0,10000.0,0.938,0.139
hermes.d.vmsub.zxpt.pi-.276,1 / 1 / -1 / 2002,52.657444,2.2854782869237678,1.0,4.47213595499958,0.2530129,0.2,0.35,0.8790681,0.8,1.1,0.3978237,0.35,0.45,0.04355586,0.005264857,0.01252724,0.0006556670206889387,0.0054460262732732604,True,0.1,0.85,10.0,10000.0,0.938,0.139
hermes.d.vmsub.zxpt.pi-.277,1 / 1 / -1 / 2002,52.657444,2.2854782869237678,1.0,4.47213595499958,0.2530129,0.2,0.35,0.8823027,0.8,1.1,0.5187418,0.45,0.6,0.03109634,0.003107951,0.0008007598,0.00046810795613105264,0.0036306841821821755,True,0.1,0.85,10.0,10000.0,0.938,0.139
hermes.d.vmsub.zxpt.pi-.278,1 / 1 / -1 / 2002,52.657444,2.2854782869237678,1.0,4.47213595499958,0.2530129,0.2,0.35,0.8594934,0.8,1.1,0.6913204,0.6,0.8,0.0185067,0.002015716,0.0004604791,0.0002785901334925767,0.0027230131366366302,True,0.1,0.85,10.0,10000.0,0.938,0.139
hermes.d.vmsub.zxpt.pi-.279,1 / 1 / -1 / 2002,52.657444,2.2854782869237678,1.0,4.47213595499958,0.2530129,0.2,0.35,0.8424172,0.8,1.1,0.9068809,0.8,1.2,0.005181791,0.0008499224,0.0001352026,7.800395783260291e-05,0.001361506568318316,True,0.1,0.85,10.0,10000.0,0.938,0.139
hermes.d.vmsub.zxpt.pi-.280,1 / 1 / -1 / 2002,52.657444,3.033550889634127,1.0,4.47213595499958,0.4090416,0.35,0.6,0.1369082,0.1,0.2,0.09838346,0.0,0.15,3.416029,0.3295358,0.2121757,0.05541006151423785,0.06267730231667303,True,0.1,0.85,10.0,10000.0,0.938,0.139
hermes.d.vmsub.zxpt.pi-.281,1 / 1 / -1 / 2002,52.657444,3.033550889634127,1.0,4.47213595499958,0.4090416,0.35,0.6,0.1379328,0.1,0.2,0.2022862,0.15,0.25,8.119788,0.7690213,1.152176,0.13170788437761222,0.09401595347500954,True,0.1,0.85,10.0,10000.0,0.938,0.139
hermes.d.vmsub.zxpt.pi-.282,1 / 1 / -1 / 2002,52.657444,3.033550889634127,1.0,4.47213595499958,0.4090416,0.35,0.6,0.1408258,0.1,0.2,0.2997395,0.25,0.35,7.799441,0.874331,1.52192,0.12651166181161483,0.09401595347500956,True,0.1,0.85,10.0,10000.0,0.938,0.139
hermes.d.vmsub.zxpt.pi-.283,1 / 1 / -1 / 2002,52.657444,3.033550889634127,1.0,4.47213595499958,0.4090416,0.35,0.6,0.1425035,0.1,0.2,0.3941221,0.35,0.45,7.417342,0.7396767,0.4008179,0.12031378436545474,0.0940159534750095,True,0.1,0.85,10.0,10000.0,0.938,0.139
hermes.d.vmsub.zxpt.pi-.284,1 / 1 / -1 / 2002,52.657444,3.033550889634127,1.0,4.47213595499958,0.4090416,0.35,0.6,0.1428038,0.1,0.2,0.5195363,0.45,0.6,3.778531,0.4520405,1.024289,0.06129006373876061,0.06267730231667303,True,0.1,0.85,10.0,10000.0,0.938,0.139
hermes.d.vmsub.zxpt.pi-.285,1 / 1 / -1 / 2002,52.657444,3.0341245854447045,1.0,4.47213595499958,0.4090672,0.35,0.6,0.1449783,0.1,0.2,0.6678339,0.6,0.8,1.724288,0.376575,0.4475677,0.02796899679372223,0.04700797673750475,True,0.1,0.85,10.0,10000.0,0.938,0.139
hermes.d.vmsub.zxpt.pi-.287,1 / 1 / -1 / 2002,52.657444,3.033550889634127,1.0,4.47213595499958,0.4090416,0.35,0.6,0.2236064,0.2,0.25,0.1023126,0.0,0.15,1.325116,0.1500879,0.1109198,0.021494184936222967,0.12535460463334608,True,0.1,0.85,10.0,10000.0,0.938,0.139
hermes.d.vmsub.zxpt.pi-.288,1 / 1 / -1 / 2002,52.657444,3.033550889634127,1.0,4.47213595499958,0.4090416,0.35,0.6,0.223988,0.2,0.25,0.2065193,0.15,0.25,3.060193,0.2870445,0.07545515,0.0496381858513028,0.18803190695001915,True,0.1,0.85,10.0,10000.0,0.938,0.139
hermes.d.vmsub.zxpt.pi-.289,1 / 1 / -1 / 2002,52.657444,3.033550889634127,1.0,4.47213595499958,0.4090416,0.35,0.6,0.2225732,0.2,0.25,0.3006084,0.25,0.35,3.636582,0.3671898,0.2498856,0.05898756489525415,0.18803190695001915,True,0.1,0.85,10.0,10000.0,0.938,0.139
hermes.d.vmsub.zxpt.pi-.290,1 / 1 / -1 / 2002,52.657444,3.033550889634127,1.0,4.47213595499958,0.4090416,0.35,0.6,0.2256845,0.2,0.25,0.3944206,0.35,0.45,3.113933,0.3814931,0.3355891,0.0505098812337996,0.18803190695001906,True,0.1,0.85,10.0,10000.0,0.938,0.139
hermes.d.vmsub.zxpt.pi-.291,1 / 1 / -1 / 2002,52.657444,3.033550889634127,1.0,4.47213595499958,0.4090416,0.35,0.6,0.2229812,0.2,0.25,0.5168924,0.45,0.6,2.024265,0.2449113,0.2938993,0.032834805609413355,0.1253546046333461,True,0.1,0.85,10.0,10000.0,0.938,0.139
hermes.d.vmsub.zxpt.pi-.292,1 / 1 / -1 / 2002,52.657444,3.033550889634127,1.0,4.47213595499958,0.4090416,0.35,0.6,0.2222632,0.2,0.25,0.6844076,0.6,0.8,0.6702327,0.1257127,0.09150682,0.01087158075527278,0.09401595347500953,True,0.1,0.85,10.0,10000.0,0.938,0.139
hermes.d.vmsub.zxpt.pi-.293,1 / 1 / -1 / 2002,52.657444,3.0341245854447045,1.0,4.47213595499958,0.4090672,0.35,0.6,0.2266035,0.2,0.25,0.895212,0.8,1.2,0.2402112,0.08527133,0.03272497,0.003896371303759099,0.047007976737504786,True,0.1,0.85,10.0,10000.0,0.938,0.139
hermes.d.vmsub.zxpt.pi-.294,1 / 1 / -1 / 2002,52.657444,3.033550889634127,1.0,4.47213595499958,0.4090416,0.35,0.6,0.272451,0.25,0.3,0.09819081,0.0,0.15,0.9393387,0.1229108,0.1178833,0.01523664323391406,0.12535460463334608,True,0.1,0.85,10.0,10000.0,0.938,0.139
hermes.d.vmsub.zxpt.pi-.295,1 / 1 / -1 / 2002,52.657444,3.033550889634127,1.0,4.47213595499958,0.4090416,0.35,0.6,0.2748857,0.25,0.3,0.2057923,0.15,0.25,1.871385,0.2086512,0.09675466,0.03035499931845485,0.18803190695001915,True,0.1,0.85,10.0,10000.0,0.938,0.139
hermes.d.vmsub.zxpt.pi-.296,1 / 1 / -1 / 2002,52.657444,3.033550889634127,1.0,4.47213595499958,0.4090416,0.35,0.6,0.2739019,0.25,0.3,0.3035009,0.25,0.35,3.314527,0.3064893,0.0953293,0.05376363753369841,0.18803190695001915,True,0.1,0.85,10.0,10000.0,0.938,0.139
hermes.d.vmsub.zxpt.pi-.297,1 / 1 / -1 / 2002,52.657444,3.033550889634127,1.0,4.47213595499958,0.4090416,0.35,0.6,0.2729581,0.25,0.3,0.3969603,0.35,0.45,1.975063,0.3214063,0.1336028,0.03203671933830045,0.18803190695001906,True,0.1,0.85,10.0,10000.0,0.938,0.139
hermes.d.vmsub.zxpt.pi-.298,1 / 1 / -1 / 2002,52.657444,3.033550889634127,1.0,4.47213595499958,0.4090416,0.35,0.6,0.2720495,0.25,0.3,0.5184368,0.45,0.6,1.907167,0.2320433,0.1862281,0.030935405053038035,0.1253546046333461,True,0.1,0.85,10.0,10000.0,0.938,0.139
hermes.d.vmsub.zxpt.pi-.299,1 / 1 / -1 / 2002,52.657444,3.033550889634127,1.0,4.47213595499958,0.4090416,0.35,0.6,0.2709011,0.25,0.3,0.6827231,0.6,0.8,0.8593034,0.1216657,0.07596749,0.013938422142608783,0.09401595347500953,True,0.1,0.85,10.0,10000.0,0.938,0.139
hermes.d.vmsub.zxpt.pi-.300,1 / 1 / -1 / 2002,52.657444,3.0341245854447045,1.0,4.47213595499958,0.4090672,0.35,0.6,0.2709292,0.25,0.3,0.901383,0.8,1.2,0.1586038,0.04766673,0.01426743,0.0025726497972914973,0.047007976737504786,True,0.1,0.85,10.0,10000.0,0.938,0.139
hermes.d.vmsub.zxpt.pi-.301,1 / 1 / -1 / 2002,52.657444,3.033550889634127,1.0,4.47213595499958,0.4090416,0.35,0.6,0.3340928,0.3,0.375,0.09764513,0.0,0.15,0.5518773,0.07191476,0.09130979,0.008951784408537368,0.0835697364222307,True,0.1,0.85,10.0,10000.0,0.938,0.139
hermes.d.vmsub.zxpt.pi-.302,1 / 1 / -1 / 2002,52.657444,3.033550889634127,1.0,4.47213595499958,0.4090416,0.35,0.6,0.3307746,0.3,0.375,0.2044775,0.15,0.25,1.151321,0.1337309,0.105355,0.018675124664525342,0.12535460463334602,True,0.1,0.85,10.0,10000.0,0.938,0.139
hermes.d.vmsub.zxpt.pi-.303,1 / 1 / -1 / 2002,52.657444,3.033550889634127,1.0,4.47213595499958,0.4090416,0.35,0.6,0.3336343,0.3,0.375,0.2986955,0.25,0.35,1.508392,0.1601259,0.05829472,0.02446703277623939,0.12535460463334605,True,0.1,0.85,10.0,10000.0,0.938,0.139
hermes.d.vmsub.zxpt.pi-.304,1 / 1 / -1 / 2002,52.657444,3.033550889634127,1.0,4.47213595499958,0.4090416,0.35,0.6,0.3361044,0.3,0.375,0.3975217,0.35,0.45,1.625871,0.1850135,0.05224968,0.026372613383614546,0.12535460463334597,True,0.1,0.85,10.0,10000.0,0.938,0.139
hermes.d.vmsub.zxpt.pi-.305,1 / 1 / -1 / 2002,52.657444,3.033550889634127,1.0,4.47213595499958,0.4090416,0.35,0.6,0.3362661,0.3,0.375,0.5211664,0.45,0.6,1.362117,0.1467514,0.08405886,0.022094363589884373,0.0835697364222307,True,0.1,0.85,10.0,10000.0,0.938,0.139
hermes.d.vmsub.zxpt.pi-.306,1 / 1 / -1 / 2002,52.657444,3.033550889634127,1.0,4.47213595499958,0.4090416,0.35,0.6,0.3369773,0.3,0.375,0.6757772,0.6,0.8,0.5361315,0.08304208,0.04387245,0.008696377985877933,0.06267730231667298,True,0.1,0.85,10.0,10000.0,0.938,0.139
hermes.d.vmsub.zxpt.pi-.307,1 / 1 / -1 / 2002,52.657444,3.0341245854447045,1.0,4.47213595499958,0.4090672,0.35,0.6,0.3359412,0.3,0.375,0.9154175,0.8,1.2,0.1107776,0.02692875,0.006032914,0.0017968798363244677,0.03133865115833651,True,0.1,0.85,10.0,10000.0,0.938,0.139
hermes.d.vmsub.zxpt.pi-.308,1 / 1 / -1 / 2002,52.657444,3.0341245854447045,1.0,4.47213595499958,0.4090672,0.35,0.6,0.4206413,0.375,0.475,0.09966816,0.0,0.15,0.2502484,0.04421509,0.04787846,0.00405918077330128,0.06267730231667304,True,0.1,0.85,10.0,10000.0,0.938,0.139
hermes.d.vmsub.zxpt.pi-.309,1 / 1 / -1 / 2002,52.657444,3.033550889634127,1.0,4.47213595499958,0.4090416,0.35,0.6,0.4173804,0.375,0.475,0.2064214,0.15,0.25,0.5740838,0.08502131,0.05915142,0.009311987302311375,0.09401595347500957,True,0.1,0.85,10.0,10000.0,0.938,0.139
hermes.d.vmsub.zxpt.pi-.310,1 / 1 / -1 / 2002,52.657444,3.033550889634127,1.0,4.47213595499958,0.4090416,0.35,0.6,0.4175173,0.375,0.475,0.300006,0.25,0.35,0.7739811,0.0992009,0.03739253,0.012554442705801817,0.09401595347500957,True,0.1,0.85,10.0,10000.0,0.938,0.139
hermes.d.vmsub.zxpt.pi-.311,1 / 1 / -1 / 2002,52.657444,3.033550889634127,1.0,4.47213595499958,0.4090416,0.35,0.6,0.4197367,0.375,0.475,0.3995759,0.35,0.45,0.7607527,0.111373,0.0191803,0.012339870037438947,0.09401595347500953,True,0.1,0.85,10.0,10000.0,0.938,0.139
hermes.d.vmsub.zxpt.pi-.312,1 / 1 / -1 / 2002,52.657444,3.033550889634127,1.0,4.47213595499958,0.4090416,0.35,0.6,0.4222046,0.375,0.475,0.5233829,0.45,0.6,0.5939804,0.07980206,0.03420287,0.009634722217595811,0.06267730231667305,True,0.1,0.85,10.0,10000.0,0.938,0.139
hermes.d.vmsub.zxpt.pi-.313,1 / 1 / -1 / 2002,52.657444,3.033550889634127,1.0,4.47213595499958,0.4090416,0.35,0.6,0.4223165,0.375,0.475,0.689919,0.6,0.8,0.3864311,0.05875087,0.01777092,0.006268146734707053,0.047007976737504766,True,0.1,0.85,10.0,10000.0,0.938,0.139
hermes.d.vmsub.zxpt.pi-.314,1 / 1 / -1 / 2002,52.657444,3.033550889634127,1.0,4.47213595499958,0.4090416,0.35,0.6,0.4155805,0.375,0.475,0.92184,0.8,1.2,0.06381181,0.01807178,0.002947369,0.0010350662472229767,0.023503988368752393,True,0.1,0.85,10.0,10000.0,0.938,0.139
hermes.d.vmsub.zxpt.pi-.315,1 / 1 / -1 / 2002,52.657444,3.033550889634127,1.0,4.47213595499958,0.4090416,0.35,0.6,0.5218567,0.475,0.6,0.1042481,0.0,0.15,0.1295977,0.03031658,0.01833347,0.0021021532689282623,0.05014184185333842,True,0.1,0.85,10.0,10000.0,0.938,0.139
hermes.d.vmsub.zxpt.pi-.316,1 / 1 / -1 / 2002,52.657444,3.033550889634127,1.0,4.47213595499958,0.4090416,0.35,0.6,0.5276799,0.475,0.6,0.2053974,0.15,0.25,0.3031542,0.05784712,0.01928533,0.004917344926023626,0.07521276278000763,True,0.1,0.85,10.0,10000.0,0.938,0.139
hermes.d.vmsub.zxpt.pi-.317,1 / 1 / -1 / 2002,52.657444,3.033550889634127,1.0,4.47213595499958,0.4090416,0.35,0.6,0.5326319,0.475,0.6,0.2995284,0.25,0.35,0.2911002,0.06713416,0.01217868,0.004721821737698052,0.07521276278000764,True,0.1,0.85,10.0,10000.0,0.938,0.139
hermes.d.vmsub.zxpt.pi-.318,1 / 1 / -1 / 2002,52.657444,3.033550889634127,1.0,4.47213595499958,0.4090416,0.35,0.6,0.5328355,0.475,0.6,0.3954537,0.35,0.45,0.4208812,0.0777938,0.03505681,0.006826948243760882,0.0752127627800076,True,0.1,0.85,10.0,10000.0,0.938,0.139
hermes.d.vmsub.zxpt.pi-.319,1 / 1 / -1 / 2002,52.657444,3.033550889634127,1.0,4.47213595499958,0.4090416,0.35,0.6,0.5288742,0.475,0.6,0.5236783,0.45,0.6,0.4036503,0.05345548,0.0486348,0.0065474525986871195,0.05014184185333843,True,0.1,0.85,10.0,10000.0,0.938,0.139
hermes.d.vmsub.zxpt.pi-.320,1 / 1 / -1 / 2002,52.657444,3.033550889634127,1.0,4.47213595499958,0.4090416,0.35,0.6,0.5276559,0.475,0.6,0.6927016,0.6,0.8,0.2280684,0.03535765,0.02188878,0.0036994077255941924,0.0376063813900038,True,0.1,0.85,10.0,10000.0,0.938,0.139
hermes.d.vmsub.zxpt.pi-.321,1 / 1 / -1 / 2002,52.657444,3.033550889634127,1.0,4.47213595499958,0.4090416,0.35,0.6,0.5212196,0.475,0.6,0.9396567,0.8,1.2,0.06427387,0.01596775,0.006277915,0.001042561140569394,0.01880319069500191,True,0.1,0.85,10.0,10000.0,0.938,0.139
hermes.d.vmsub.zxpt.pi-.322,1 / 1 / -1 / 2002,52.657444,3.0341245854447045,1.0,4.47213595499958,0.4090672,0.35,0.6,0.6893307,0.6,0.8,0.1023614,0.0,0.15,0.05099306,0.01688196,0.005539234,0.0008271383502304054,0.0313386511583365,True,0.1,0.85,10.0,10000.0,0.938,0.139
hermes.d.vmsub.zxpt.pi-.323,1 / 1 / -1 / 2002,52.657444,3.033550889634127,1.0,4.47213595499958,0.4090416,0.35,0.6,0.6905665,0.6,0.8,0.2058563,0.15,0.25,0.13668,0.0338393,0.02494739,0.002217032468918159,0.04700797673750476,True,0.1,0.85,10.0,10000.0,0.938,0.139
hermes.d.vmsub.zxpt.pi-.324,1 / 1 / -1 / 2002,52.657444,3.033550889634127,1.0,4.47213595499958,0.4090416,0.35,0.6,0.6784033,0.6,0.8,0.3015606,0.25,0.35,0.1872265,0.04370765,0.04752594,0.003036927345199778,0.047007976737504766,True,0.1,0.85,10.0,10000.0,0.938,0.139
hermes.d.vmsub.zxpt.pi-.325,1 / 1 / -1 / 2002,52.657444,3.0341245854447045,1.0,4.47213595499958,0.4090672,0.35,0.6,0.6877325,0.6,0.8,0.3996063,0.35,0.45,0.06627504,0.03748824,0.01903976,0.0010750213312763369,0.04700797673750474,True,0.1,0.85,10.0,10000.0,0.938,0.139
hermes.d.vmsub.zxpt.pi-.326,1 / 1 / -1 / 2002,52.657444,3.033550889634127,1.0,4.47213595499958,0.4090416,0.35,0.6,0.6893705,0.6,0.8,0.5195882,0.45,0.6,0.1429,0.0256777,0.004079418,0.002317924640096612,0.031338651158336506,True,0.1,0.85,10.0,10000.0,0.938,0.139
hermes.d.vmsub.zxpt.pi-.327,1 / 1 / -1 / 2002,52.657444,3.033550889634127,1.0,4.47213595499958,0.4090416,0.35,0.6,0.6776399,0.6,0.8,0.6946619,0.6,0.8,0.09168628,0.01794775,0.002722037,0.0014872070508803162,0.02350398836875237,True,0.1,0.85,10.0,10000.0,0.938,0.139
hermes.d.vmsub.zxpt.pi-.328,1 / 1 / -1 / 2002,52.657444,3.0341245854447045,1.0,4.47213595499958,0.4090672,0.35,0.6,0.6826084,0.6,0.8,0.9193697,0.8,1.2,0.03322417,0.007653108,0.001197386,0.0005389161811739583,0.011751994184376191,True,0.1,0.85,10.0,10000.0,0.938,0.139
hermes.d.vmsub.zxpt.pi-.329,1 / 1 / -1 / 2002,52.657444,3.033550889634127,1.0,4.47213595499958,0.4090416,0.35,0.6,0.9123915,0.8,1.1,0.1169092,0.0,0.15,0.01652661,0.007466865,0.001804393,0.00026807163426359037,0.020892434105557675,True,0.1,0.85,10.0,10000.0,0.938,0.139
hermes.d.vmsub.zxpt.pi-.330,1 / 1 / -1 / 2002,52.657444,3.033550889634127,1.0,4.47213595499958,0.4090416,0.35,0.6,0.8886453,0.8,1.1,0.2038212,0.15,0.25,0.02518022,0.0135717,0.004632515,0.0004084384351368335,0.031338651158336506,True,0.1,0.85,10.0,10000.0,0.938,0.139
hermes.d.vmsub.zxpt.pi-.331,1 / 1 / -1 / 2002,52.657444,3.0341245854447045,1.0,4.47213595499958,0.4090672,0.35,0.6,0.8864427,0.8,1.1,0.2983058,0.25,0.35,0.05024746,0.01822849,0.01277117,0.0008150442661740301,0.03133865115833651,True,0.1,0.85,10.0,10000.0,0.938,0.139
hermes.d.vmsub.zxpt.pi-.332,1 / 1 / -1 / 2002,52.657444,3.0341517760323065,1.0,4.47213595499958,0.4092912,0.35,0.6,0.8604216,0.8,1.1,0.404213,0.35,0.45,0.01567496,0.02253846,0.000482237,0.00025425735490922877,0.03133865115833649,True,0.1,0.85,10.0,10000.0,0.938,0.139
hermes.d.vmsub.zxpt.pi-.333,1 / 1 / -1 / 2002,52.657444,3.033550889634127,1.0,4.47213595499958,0.4090416,0.35,0.6,0.8799911,0.8,1.1,0.525062,0.45,0.6,0.04265636,0.01136554,0.002251455,0.0006919120216993107,0.020892434105557675,True,0.1,0.85,10.0,10000.0,0.938,0.139
hermes.d.vmsub.zxpt.pi-.334,1 / 1 / -1 / 2002,52.657444,3.0341245854447045,1.0,4.47213595499958,0.4090672,0.35,0.6,0.8690088,0.8,1.1,0.6909838,0.6,0.8,0.02124114,0.008020551,0.001204679,0.000344544169277409,0.015669325579168246,True,0.1,0.85,10.0,10000.0,0.938,0.139
hermes.d.vmsub.zxpt.pi-.335,1 / 1 / -1 / 2002,52.657444,3.033550889634127,1.0,4.47213595499958,0.4090416,0.35,0.6,0.8559905,0.8,1.1,0.8928465,0.8,1.2,0.005867724,0.002309472,0.0003317465,9.517804087394159e-05,0.007834662789584128,True,0.1,0.85,10.0,10000.0,0.938,0.139
