Name,hermes.p.no-vmsub.zxpt.k+
Comment,HERMES proton-to-k+ (zxpt-3D) no-vmsub. thFactor contains DIS normalization (by MSHT20nnlo)
Reference,1212.5407
Process type,SIDIS
Number of points,334
Number of uncorr.errors,2
Number of corr.errors,1
Number of norm.errors,0
List of norm.errors (relative),
Total cross-section nomalized,False
List of points 
Point id,process id,s[GeV^2],<Q>[GeV],Qmin[GeV],Qmax[GeV],<x>,xMin,xMax,<z>,zMin,zMax,<pT>[GeV],pTMin[GeV],pTMax[GeV],xSec,Uncorr.Err.0,Uncorr.Err.1,Corr.Err.0,Th.Factor,FiducialCuts,yMin,yMax,W2min[GeV^2],W2max[GeV^2],TargetMass[GeV],ProductMass[GeV]
hermes.p.no-vmsub.zxpt.k+.0,1 / 1 / 2 / 2001,52.657444,1.117911892771519,1.0,4.47213595499958,0.03758844,0.023,0.047,0.1517822,0.1,0.2,0.1045042,0.0,0.15,0.430958,0.02344261,0.1928677,0.011602503680075269,0.007760037288810543,True,0.1,0.85,10.0,10000.0,0.938,0.494
hermes.p.no-vmsub.zxpt.k+.1,1 / 1 / 2 / 2001,52.657444,1.117911892771519,1.0,4.47213595499958,0.03758844,0.023,0.047,0.1510978,0.1,0.2,0.2130929,0.15,0.25,0.8652075,0.02952525,0.1671268,0.023293623050920795,0.011640055933215813,True,0.1,0.85,10.0,10000.0,0.938,0.494
hermes.p.no-vmsub.zxpt.k+.2,1 / 1 / 2 / 2001,52.657444,1.117911892771519,1.0,4.47213595499958,0.03758844,0.023,0.047,0.1555415,0.1,0.2,0.3257736,0.25,0.35,0.9295636,0.02858819,0.07442146,0.025026255667290123,0.011640055933215815,True,0.1,0.85,10.0,10000.0,0.938,0.494
hermes.p.no-vmsub.zxpt.k+.3,1 / 1 / 2 / 2001,52.657444,1.117911892771519,1.0,4.47213595499958,0.03758844,0.023,0.047,0.1548745,0.1,0.2,0.4361345,0.35,0.45,0.8011693,0.02913891,0.1736449,0.021569549124539577,0.011640055933215808,True,0.1,0.85,10.0,10000.0,0.938,0.494
hermes.p.no-vmsub.zxpt.k+.4,1 / 1 / 2 / 2001,52.657444,1.117911892771519,1.0,4.47213595499958,0.03758844,0.023,0.047,0.1593262,0.1,0.2,0.577714,0.45,0.6,0.5624924,0.0254278,0.2044422,0.015143749834123907,0.007760037288810543,True,0.1,0.85,10.0,10000.0,0.938,0.494
hermes.p.no-vmsub.zxpt.k+.5,1 / 1 / 2 / 2001,52.657444,1.117911892771519,1.0,4.47213595499958,0.03758844,0.023,0.047,0.1570191,0.1,0.2,0.7425539,0.6,0.8,0.281291,0.02633422,0.110535,0.007573081048900479,0.005820027966607904,True,0.1,0.85,10.0,10000.0,0.938,0.494
hermes.p.no-vmsub.zxpt.k+.6,1 / 1 / 2 / 2001,52.657444,1.117911892771519,1.0,4.47213595499958,0.03758844,0.023,0.047,0.1747199,0.1,0.2,1.012328,0.8,1.2,0.04988022,0.03113111,0.01960028,0.001342904496755981,0.002910013983303954,True,0.1,0.85,10.0,10000.0,0.938,0.494
hermes.p.no-vmsub.zxpt.k+.7,1 / 1 / 2 / 2001,52.657444,1.117911892771519,1.0,4.47213595499958,0.03758844,0.023,0.047,0.2283779,0.2,0.25,0.09910979,0.0,0.15,0.3161126,0.02626707,0.0527618,0.008510568558463149,0.015520074577621088,True,0.1,0.85,10.0,10000.0,0.938,0.494
hermes.p.no-vmsub.zxpt.k+.8,1 / 1 / 2 / 2001,52.657444,1.117911892771519,1.0,4.47213595499958,0.03758844,0.023,0.047,0.2301947,0.2,0.25,0.2100173,0.15,0.25,0.6015712,0.03391626,0.06947121,0.016195852175449336,0.023280111866431634,True,0.1,0.85,10.0,10000.0,0.938,0.494
hermes.p.no-vmsub.zxpt.k+.9,1 / 1 / 2 / 2001,52.657444,1.117911892771519,1.0,4.47213595499958,0.03758844,0.023,0.047,0.2309547,0.2,0.25,0.3074415,0.25,0.35,0.6221677,0.03076387,0.1918252,0.01675036321143584,0.023280111866431637,True,0.1,0.85,10.0,10000.0,0.938,0.494
hermes.p.no-vmsub.zxpt.k+.10,1 / 1 / 2 / 2001,52.657444,1.117911892771519,1.0,4.47213595499958,0.03758844,0.023,0.047,0.2326686,0.2,0.25,0.4123093,0.35,0.45,0.5121243,0.02458953,0.2434269,0.013787710346265695,0.023280111866431624,True,0.1,0.85,10.0,10000.0,0.938,0.494
hermes.p.no-vmsub.zxpt.k+.11,1 / 1 / 2 / 2001,52.657444,1.117911892771519,1.0,4.47213595499958,0.03758844,0.023,0.047,0.2393137,0.2,0.25,0.553116,0.45,0.6,0.384978,0.01797355,0.1829561,0.010364603190445512,0.015520074577621092,True,0.1,0.85,10.0,10000.0,0.938,0.494
hermes.p.no-vmsub.zxpt.k+.12,1 / 1 / 2 / 2001,52.657444,1.117911892771519,1.0,4.47213595499958,0.03758844,0.023,0.047,0.2383969,0.2,0.25,0.7319698,0.6,0.8,0.1810259,0.01178778,0.0859577,0.004873685303298552,0.011640055933215812,True,0.1,0.85,10.0,10000.0,0.938,0.494
hermes.p.no-vmsub.zxpt.k+.13,1 / 1 / 2 / 2001,52.657444,1.117911892771519,1.0,4.47213595499958,0.03758844,0.023,0.047,0.2566289,0.25,0.3,1.05627,0.8,1.2,0.05740181,0.008149074,0.02727029,0.0015454051479911763,0.005820027966607909,True,0.1,0.85,10.0,10000.0,0.938,0.494
hermes.p.no-vmsub.zxpt.k+.14,1 / 1 / 2 / 2001,52.657444,1.117911892771519,1.0,4.47213595499958,0.03758844,0.023,0.047,0.2736701,0.25,0.3,0.0983582,0.0,0.15,0.1862192,0.02076695,0.01116752,0.005013502367517653,0.015520074577621088,True,0.1,0.85,10.0,10000.0,0.938,0.494
hermes.p.no-vmsub.zxpt.k+.15,1 / 1 / 2 / 2001,52.657444,1.117911892771519,1.0,4.47213595499958,0.03758844,0.023,0.047,0.2798066,0.25,0.3,0.2039941,0.15,0.25,0.450787,0.02973414,0.09858984,0.012136351631551311,0.023280111866431634,True,0.1,0.85,10.0,10000.0,0.938,0.494
hermes.p.no-vmsub.zxpt.k+.16,1 / 1 / 2 / 2001,52.657444,1.117911892771519,1.0,4.47213595499958,0.03758844,0.023,0.047,0.282553,0.25,0.3,0.3071736,0.25,0.35,0.5372981,0.02916652,0.230426,0.014465454133691566,0.023280111866431637,True,0.1,0.85,10.0,10000.0,0.938,0.494
hermes.p.no-vmsub.zxpt.k+.17,1 / 1 / 2 / 2001,52.657444,1.117911892771519,1.0,4.47213595499958,0.03758844,0.023,0.047,0.2834857,0.25,0.3,0.4129904,0.35,0.45,0.454004,0.02500572,0.1949424,0.012222961589688306,0.023280111866431624,True,0.1,0.85,10.0,10000.0,0.938,0.494
hermes.p.no-vmsub.zxpt.k+.18,1 / 1 / 2 / 2001,52.657444,1.117911892771519,1.0,4.47213595499958,0.03758844,0.023,0.047,0.2864452,0.25,0.3,0.5438605,0.45,0.6,0.3225743,0.01531354,0.1384732,0.008684534230360507,0.015520074577621092,True,0.1,0.85,10.0,10000.0,0.938,0.494
hermes.p.no-vmsub.zxpt.k+.19,1 / 1 / 2 / 2001,52.657444,1.117911892771519,1.0,4.47213595499958,0.03758844,0.023,0.047,0.2859152,0.25,0.3,0.7129083,0.6,0.8,0.1973197,0.01065456,0.0846526,0.005312356529873788,0.011640055933215812,True,0.1,0.85,10.0,10000.0,0.938,0.494
hermes.p.no-vmsub.zxpt.k+.20,1 / 1 / 2 / 2001,52.657444,1.117911892771519,1.0,4.47213595499958,0.03758844,0.023,0.047,0.2920116,0.25,0.3,0.9804633,0.8,1.2,0.0459106,0.004480843,0.01968791,0.0012360320621834695,0.005820027966607909,True,0.1,0.85,10.0,10000.0,0.938,0.494
hermes.p.no-vmsub.zxpt.k+.21,1 / 1 / 2 / 2001,52.657444,1.117911892771519,1.0,4.47213595499958,0.03758844,0.023,0.047,0.3384978,0.3,0.375,0.1003297,0.0,0.15,0.1461811,0.01491353,0.006222024,0.003935573189748075,0.010346716385080723,True,0.1,0.85,10.0,10000.0,0.938,0.494
hermes.p.no-vmsub.zxpt.k+.22,1 / 1 / 2 / 2001,52.657444,1.117911892771519,1.0,4.47213595499958,0.03758844,0.023,0.047,0.335436,0.3,0.375,0.2013487,0.15,0.25,0.3151858,0.02004846,0.08807457,0.008485616706053647,0.015520074577621083,True,0.1,0.85,10.0,10000.0,0.938,0.494
hermes.p.no-vmsub.zxpt.k+.23,1 / 1 / 2 / 2001,52.657444,1.117911892771519,1.0,4.47213595499958,0.03758844,0.023,0.047,0.3432446,0.3,0.375,0.3082235,0.25,0.35,0.3609507,0.01995189,0.1792769,0.00971772614750334,0.015520074577621086,True,0.1,0.85,10.0,10000.0,0.938,0.494
hermes.p.no-vmsub.zxpt.k+.24,1 / 1 / 2 / 2001,52.657444,1.117911892771519,1.0,4.47213595499958,0.03758844,0.023,0.047,0.3422826,0.3,0.375,0.4063505,0.35,0.45,0.3913372,0.0202001,0.1944355,0.01053580929731053,0.015520074577621076,True,0.1,0.85,10.0,10000.0,0.938,0.494
hermes.p.no-vmsub.zxpt.k+.25,1 / 1 / 2 / 2001,52.657444,1.117911892771519,1.0,4.47213595499958,0.03758844,0.023,0.047,0.3454118,0.3,0.375,0.5348308,0.45,0.6,0.2721222,0.01170363,0.1352064,0.007326233245305061,0.010346716385080723,True,0.1,0.85,10.0,10000.0,0.938,0.494
hermes.p.no-vmsub.zxpt.k+.26,1 / 1 / 2 / 2001,52.657444,1.117911892771519,1.0,4.47213595499958,0.03758844,0.023,0.047,0.3480892,0.3,0.375,0.7094505,0.6,0.8,0.1659856,0.007472028,0.08250864,0.004468761537874924,0.007760037288810538,True,0.1,0.85,10.0,10000.0,0.938,0.494
hermes.p.no-vmsub.zxpt.k+.27,1 / 1 / 2 / 2001,52.657444,1.117911892771519,1.0,4.47213595499958,0.03758844,0.023,0.047,0.3459359,0.3,0.375,0.9634789,0.8,1.2,0.04236678,0.002819156,0.02105439,0.0011406232645940887,0.0038800186444052716,True,0.1,0.85,10.0,10000.0,0.938,0.494
hermes.p.no-vmsub.zxpt.k+.28,1 / 1 / 2 / 2001,52.657444,1.117911892771519,1.0,4.47213595499958,0.03758844,0.023,0.047,0.4192518,0.375,0.475,0.1006266,0.0,0.15,0.1048615,0.01120804,0.00237379,0.0028231427184278114,0.007760037288810544,True,0.1,0.85,10.0,10000.0,0.938,0.494
hermes.p.no-vmsub.zxpt.k+.29,1 / 1 / 2 / 2001,52.657444,1.117911892771519,1.0,4.47213595499958,0.03758844,0.023,0.047,0.4205637,0.375,0.475,0.2033805,0.15,0.25,0.2186109,0.01561023,0.05515959,0.005885570686133142,0.011640055933215817,True,0.1,0.85,10.0,10000.0,0.938,0.494
hermes.p.no-vmsub.zxpt.k+.30,1 / 1 / 2 / 2001,52.657444,1.117911892771519,1.0,4.47213595499958,0.03758844,0.023,0.047,0.421952,0.375,0.475,0.3017185,0.25,0.35,0.2211189,0.01519907,0.09897724,0.005953092531022038,0.011640055933215819,True,0.1,0.85,10.0,10000.0,0.938,0.494
hermes.p.no-vmsub.zxpt.k+.31,1 / 1 / 2 / 2001,52.657444,1.117911892771519,1.0,4.47213595499958,0.03758844,0.023,0.047,0.4286016,0.375,0.475,0.4043233,0.35,0.45,0.2114652,0.01322059,0.09470245,0.00569318996562972,0.011640055933215812,True,0.1,0.85,10.0,10000.0,0.938,0.494
hermes.p.no-vmsub.zxpt.k+.32,1 / 1 / 2 / 2001,52.657444,1.117911892771519,1.0,4.47213595499958,0.03758844,0.023,0.047,0.4286341,0.375,0.475,0.5285306,0.45,0.6,0.1986321,0.01028462,0.08890949,0.005347689731322029,0.007760037288810546,True,0.1,0.85,10.0,10000.0,0.938,0.494
hermes.p.no-vmsub.zxpt.k+.33,1 / 1 / 2 / 2001,52.657444,1.117911892771519,1.0,4.47213595499958,0.03758844,0.023,0.047,0.4351368,0.375,0.475,0.7042157,0.6,0.8,0.1330905,0.006207912,0.05959073,0.003583140389627429,0.005820027966607906,True,0.1,0.85,10.0,10000.0,0.938,0.494
hermes.p.no-vmsub.zxpt.k+.34,1 / 1 / 2 / 2001,52.657444,1.117911892771519,1.0,4.47213595499958,0.03758844,0.023,0.047,0.4368278,0.375,0.475,0.9705127,0.8,1.2,0.03847995,0.002319063,0.01723345,0.0010359797508901385,0.0029100139833039547,True,0.1,0.85,10.0,10000.0,0.938,0.494
hermes.p.no-vmsub.zxpt.k+.35,1 / 1 / 2 / 2001,52.657444,1.117911892771519,1.0,4.47213595499958,0.03758844,0.023,0.047,0.5267717,0.475,0.6,0.1015766,0.0,0.15,0.05834934,0.007896015,0.01564259,0.0015709151056018523,0.006208029831048434,True,0.1,0.85,10.0,10000.0,0.938,0.494
hermes.p.no-vmsub.zxpt.k+.36,1 / 1 / 2 / 2001,52.657444,1.117911892771519,1.0,4.47213595499958,0.03758844,0.023,0.047,0.532855,0.475,0.6,0.2044313,0.15,0.25,0.1004484,0.01109804,0.005001644,0.0027043306555573224,0.009312044746572651,True,0.1,0.85,10.0,10000.0,0.938,0.494
hermes.p.no-vmsub.zxpt.k+.37,1 / 1 / 2 / 2001,52.657444,1.117911892771519,1.0,4.47213595499958,0.03758844,0.023,0.047,0.5335103,0.475,0.6,0.3035926,0.25,0.35,0.1134535,0.01006911,0.01832159,0.003054461574602211,0.009312044746572653,True,0.1,0.85,10.0,10000.0,0.938,0.494
hermes.p.no-vmsub.zxpt.k+.38,1 / 1 / 2 / 2001,52.657444,1.117911892771519,1.0,4.47213595499958,0.03758844,0.023,0.047,0.5398318,0.475,0.6,0.4064023,0.35,0.45,0.1612366,0.0108188,0.04787438,0.0043409061784740605,0.009312044746572648,True,0.1,0.85,10.0,10000.0,0.938,0.494
hermes.p.no-vmsub.zxpt.k+.39,1 / 1 / 2 / 2001,52.657444,1.117911892771519,1.0,4.47213595499958,0.03758844,0.023,0.047,0.5427859,0.475,0.6,0.5323874,0.45,0.6,0.1465532,0.008071612,0.04344245,0.0039455910838801156,0.006208029831048435,True,0.1,0.85,10.0,10000.0,0.938,0.494
hermes.p.no-vmsub.zxpt.k+.40,1 / 1 / 2 / 2001,52.657444,1.117911892771519,1.0,4.47213595499958,0.03758844,0.023,0.047,0.536718,0.475,0.6,0.6963655,0.6,0.8,0.1252292,0.005688242,0.03712473,0.003371493866810413,0.004656022373286324,True,0.1,0.85,10.0,10000.0,0.938,0.494
hermes.p.no-vmsub.zxpt.k+.41,1 / 1 / 2 / 2001,52.657444,1.117911892771519,1.0,4.47213595499958,0.03758844,0.023,0.047,0.5452103,0.475,0.6,0.9575511,0.8,1.2,0.03654502,0.001984574,0.01083897,0.00098388643217767,0.0023280111866431632,True,0.1,0.85,10.0,10000.0,0.938,0.494
hermes.p.no-vmsub.zxpt.k+.42,1 / 1 / 2 / 2001,52.657444,1.1180456162429153,1.0,4.47213595499958,0.03758863,0.023,0.047,0.6898611,0.6,0.8,0.1007796,0.0,0.15,0.0152032,0.003764635,0.004492545,0.0004093094546311249,0.00388001864440527,True,0.1,0.85,10.0,10000.0,0.938,0.494
hermes.p.no-vmsub.zxpt.k+.43,1 / 1 / 2 / 2001,52.657444,1.117911892771519,1.0,4.47213595499958,0.03758844,0.023,0.047,0.6844813,0.6,0.8,0.2052433,0.15,0.25,0.04056013,0.005470401,0.01198104,0.0010919835751728273,0.005820027966607905,True,0.1,0.85,10.0,10000.0,0.938,0.494
hermes.p.no-vmsub.zxpt.k+.44,1 / 1 / 2 / 2001,52.657444,1.117911892771519,1.0,4.47213595499958,0.03758844,0.023,0.047,0.684499,0.6,0.8,0.3051222,0.25,0.35,0.05641864,0.005678759,0.01670277,0.001518935669426816,0.005820027966607906,True,0.1,0.85,10.0,10000.0,0.938,0.494
hermes.p.no-vmsub.zxpt.k+.45,1 / 1 / 2 / 2001,52.657444,1.117911892771519,1.0,4.47213595499958,0.03758844,0.023,0.047,0.6808373,0.6,0.8,0.4022008,0.35,0.45,0.061623,0.006112334,0.01824891,0.001659050497443552,0.005820027966607902,True,0.1,0.85,10.0,10000.0,0.938,0.494
hermes.p.no-vmsub.zxpt.k+.46,1 / 1 / 2 / 2001,52.657444,1.117911892771519,1.0,4.47213595499958,0.03758844,0.023,0.047,0.6831881,0.6,0.8,0.5269329,0.45,0.6,0.0821366,0.004492092,0.03139114,0.0022113296510770666,0.0038800186444052707,True,0.1,0.85,10.0,10000.0,0.938,0.494
hermes.p.no-vmsub.zxpt.k+.47,1 / 1 / 2 / 2001,52.657444,1.117911892771519,1.0,4.47213595499958,0.03758844,0.023,0.047,0.6857091,0.6,0.8,0.6954631,0.6,0.8,0.0643035,0.003288376,0.02077683,0.0017312164883624857,0.002910013983303951,True,0.1,0.85,10.0,10000.0,0.938,0.494
hermes.p.no-vmsub.zxpt.k+.48,1 / 1 / 2 / 2001,52.657444,1.117911892771519,1.0,4.47213595499958,0.03758844,0.023,0.047,0.6911086,0.6,0.8,0.9495529,0.8,1.2,0.02739985,0.001401324,0.008853764,0.000737674809281903,0.0014550069916519765,True,0.1,0.85,10.0,10000.0,0.938,0.494
hermes.p.no-vmsub.zxpt.k+.49,1 / 1 / 2 / 2001,52.657444,1.117911892771519,1.0,4.47213595499958,0.03758844,0.023,0.047,0.8306562,0.8,1.1,0.09363754,0.0,0.15,0.001776823,0.001060381,0.0005792308,4.7836669458142975e-05,0.0025866790962701808,True,0.1,0.85,10.0,10000.0,0.938,0.494
hermes.p.no-vmsub.zxpt.k+.50,1 / 1 / 2 / 2001,52.657444,1.117911892771519,1.0,4.47213595499958,0.03758844,0.023,0.047,0.8692754,0.8,1.1,0.2014999,0.15,0.25,0.007373024,0.001738901,0.002383043,0.00019850087037085582,0.0038800186444052707,True,0.1,0.85,10.0,10000.0,0.938,0.494
hermes.p.no-vmsub.zxpt.k+.51,1 / 1 / 2 / 2001,52.657444,1.117911892771519,1.0,4.47213595499958,0.03758844,0.023,0.047,0.8779524,0.8,1.1,0.3012863,0.25,0.35,0.0146846,0.002974707,0.004747752,0.00039534740169676233,0.0038800186444052716,True,0.1,0.85,10.0,10000.0,0.938,0.494
hermes.p.no-vmsub.zxpt.k+.52,1 / 1 / 2 / 2001,52.657444,1.117911892771519,1.0,4.47213595499958,0.03758844,0.023,0.047,0.8763051,0.8,1.1,0.4051151,0.35,0.45,0.01764414,0.003078671,0.005706827,0.00047502587092422755,0.003880018644405269,True,0.1,0.85,10.0,10000.0,0.938,0.494
hermes.p.no-vmsub.zxpt.k+.53,1 / 1 / 2 / 2001,52.657444,1.117911892771519,1.0,4.47213595499958,0.03758844,0.023,0.047,0.8697566,0.8,1.1,0.519637,0.45,0.6,0.01463605,0.001886028,0.005592623,0.0003940403101619314,0.0025866790962701808,True,0.1,0.85,10.0,10000.0,0.938,0.494
hermes.p.no-vmsub.zxpt.k+.54,1 / 1 / 2 / 2001,52.657444,1.117911892771519,1.0,4.47213595499958,0.03758844,0.023,0.047,0.854633,0.8,1.1,0.6881503,0.6,0.8,0.01095829,0.001582419,0.003538707,0.00029502550144638694,0.0019400093222026345,True,0.1,0.85,10.0,10000.0,0.938,0.494
hermes.p.no-vmsub.zxpt.k+.55,1 / 1 / 2 / 2001,52.657444,1.117911892771519,1.0,4.47213595499958,0.03758844,0.023,0.047,0.8618727,0.8,1.1,0.9720637,0.8,1.2,0.002775795,0.0004753344,0.0008965231,7.473157872144045e-05,0.0009700046611013179,True,0.1,0.85,10.0,10000.0,0.938,0.494
hermes.p.no-vmsub.zxpt.k+.56,1 / 1 / 2 / 2001,52.657444,1.2288104003466116,1.0,4.47213595499958,0.06109764,0.047,0.075,0.1490277,0.1,0.2,0.1012257,0.0,0.15,0.3651961,0.01875247,0.1198436,0.00784890759613974,0.004390849192973372,True,0.1,0.85,10.0,10000.0,0.938,0.494
hermes.p.no-vmsub.zxpt.k+.57,1 / 1 / 2 / 2001,52.657444,1.2288104003466116,1.0,4.47213595499958,0.06109764,0.047,0.075,0.1507331,0.1,0.2,0.2117026,0.15,0.25,0.7843599,0.02944527,0.05642137,0.016857705701724107,0.006586273789460057,True,0.1,0.85,10.0,10000.0,0.938,0.494
hermes.p.no-vmsub.zxpt.k+.58,1 / 1 / 2 / 2001,52.657444,1.2288104003466116,1.0,4.47213595499958,0.06109764,0.047,0.075,0.1513554,0.1,0.2,0.3152297,0.25,0.35,0.7989339,0.03027854,0.1329137,0.017170934619848206,0.006586273789460058,True,0.1,0.85,10.0,10000.0,0.938,0.494
hermes.p.no-vmsub.zxpt.k+.59,1 / 1 / 2 / 2001,52.657444,1.2288104003466116,1.0,4.47213595499958,0.06109764,0.047,0.075,0.1471056,0.1,0.2,0.4129377,0.35,0.45,0.7954379,0.03165277,0.2320854,0.01709579750596308,0.006586273789460055,True,0.1,0.85,10.0,10000.0,0.938,0.494
hermes.p.no-vmsub.zxpt.k+.60,1 / 1 / 2 / 2001,52.657444,1.2288104003466116,1.0,4.47213595499958,0.06109764,0.047,0.075,0.1506873,0.1,0.2,0.5446668,0.45,0.6,0.4989014,0.0267647,0.2204386,0.010722543280677834,0.004390849192973372,True,0.1,0.85,10.0,10000.0,0.938,0.494
hermes.p.no-vmsub.zxpt.k+.61,1 / 1 / 2 / 2001,52.657444,1.2288104003466116,1.0,4.47213595499958,0.06109764,0.047,0.075,0.1660136,0.1,0.2,0.7705407,0.6,0.8,0.140211,0.02495113,0.06193188,0.0030134582022161493,0.0032931368947300274,True,0.1,0.85,10.0,10000.0,0.938,0.494
hermes.p.no-vmsub.zxpt.k+.62,1 / 1 / 2 / 2001,52.657444,1.2288104003466116,1.0,4.47213595499958,0.06109764,0.047,0.075,0.223498,0.2,0.25,1.282488,0.8,1.2,0.05541829,0.03214111,0.02445493,0.0011910670386295883,0.00329313689473003,True,0.1,0.85,10.0,10000.0,0.938,0.494
hermes.p.no-vmsub.zxpt.k+.63,1 / 1 / 2 / 2001,52.657444,1.2288104003466116,1.0,4.47213595499958,0.06109764,0.047,0.075,0.2248406,0.2,0.25,0.1019543,0.0,0.15,0.2354072,0.01490318,0.01268964,0.005059444392385316,0.008781698385946746,True,0.1,0.85,10.0,10000.0,0.938,0.494
hermes.p.no-vmsub.zxpt.k+.64,1 / 1 / 2 / 2001,52.657444,1.2288104003466116,1.0,4.47213595499958,0.06109764,0.047,0.075,0.2254691,0.2,0.25,0.2018396,0.15,0.25,0.5606505,0.02587635,0.1261918,0.01204967404698337,0.013172547578920118,True,0.1,0.85,10.0,10000.0,0.938,0.494
hermes.p.no-vmsub.zxpt.k+.65,1 / 1 / 2 / 2001,52.657444,1.2288104003466116,1.0,4.47213595499958,0.06109764,0.047,0.075,0.2255212,0.2,0.25,0.300978,0.25,0.35,0.6064698,0.02761437,0.2561811,0.013034436621993904,0.01317254757892012,True,0.1,0.85,10.0,10000.0,0.938,0.494
hermes.p.no-vmsub.zxpt.k+.66,1 / 1 / 2 / 2001,52.657444,1.2288104003466116,1.0,4.47213595499958,0.06109764,0.047,0.075,0.2273681,0.2,0.25,0.403403,0.35,0.45,0.4871025,0.02416206,0.205854,0.010468957670546475,0.013172547578920113,True,0.1,0.85,10.0,10000.0,0.938,0.494
hermes.p.no-vmsub.zxpt.k+.67,1 / 1 / 2 / 2001,52.657444,1.2288104003466116,1.0,4.47213595499958,0.06109764,0.047,0.075,0.2286185,0.2,0.25,0.5292908,0.45,0.6,0.2916692,0.01561661,0.1232104,0.00626864470743253,0.008781698385946748,True,0.1,0.85,10.0,10000.0,0.938,0.494
hermes.p.no-vmsub.zxpt.k+.68,1 / 1 / 2 / 2001,52.657444,1.2288104003466116,1.0,4.47213595499958,0.06109764,0.047,0.075,0.2322678,0.2,0.25,0.7152897,0.6,0.8,0.1596141,0.01189527,0.06736259,0.003430475631971448,0.0065862737894600565,True,0.1,0.85,10.0,10000.0,0.938,0.494
hermes.p.no-vmsub.zxpt.k+.69,1 / 1 / 2 / 2001,52.657444,1.2288104003466116,1.0,4.47213595499958,0.06109764,0.047,0.075,0.2708491,0.25,0.3,1.119052,0.8,1.2,0.03725933,0.00799551,0.01573054,0.0008007890507704691,0.00329313689473003,True,0.1,0.85,10.0,10000.0,0.938,0.494
hermes.p.no-vmsub.zxpt.k+.70,1 / 1 / 2 / 2001,52.657444,1.2288104003466116,1.0,4.47213595499958,0.06109764,0.047,0.075,0.2737385,0.25,0.3,0.09723716,0.0,0.15,0.2171672,0.0128294,0.02033303,0.004667424667767257,0.008781698385946746,True,0.1,0.85,10.0,10000.0,0.938,0.494
hermes.p.no-vmsub.zxpt.k+.71,1 / 1 / 2 / 2001,52.657444,1.2288104003466116,1.0,4.47213595499958,0.06109764,0.047,0.075,0.2749786,0.25,0.3,0.2022127,0.15,0.25,0.4303896,0.02137309,0.1493971,0.009250066473162073,0.013172547578920118,True,0.1,0.85,10.0,10000.0,0.938,0.494
hermes.p.no-vmsub.zxpt.k+.72,1 / 1 / 2 / 2001,52.657444,1.2288104003466116,1.0,4.47213595499958,0.06109764,0.047,0.075,0.2751136,0.25,0.3,0.3012656,0.25,0.35,0.486277,0.02484013,0.1691071,0.010451215769084183,0.01317254757892012,True,0.1,0.85,10.0,10000.0,0.938,0.494
hermes.p.no-vmsub.zxpt.k+.73,1 / 1 / 2 / 2001,52.657444,1.2288104003466116,1.0,4.47213595499958,0.06109764,0.047,0.075,0.2781524,0.25,0.3,0.4032163,0.35,0.45,0.4333124,0.02330947,0.1506877,0.009312884195262603,0.013172547578920113,True,0.1,0.85,10.0,10000.0,0.938,0.494
hermes.p.no-vmsub.zxpt.k+.74,1 / 1 / 2 / 2001,52.657444,1.2288104003466116,1.0,4.47213595499958,0.06109764,0.047,0.075,0.2801947,0.25,0.3,0.5299747,0.45,0.6,0.2902903,0.01413681,0.1009797,0.006239008961913021,0.008781698385946748,True,0.1,0.85,10.0,10000.0,0.938,0.494
hermes.p.no-vmsub.zxpt.k+.75,1 / 1 / 2 / 2001,52.657444,1.2288104003466116,1.0,4.47213595499958,0.06109764,0.047,0.075,0.2821636,0.25,0.3,0.7013772,0.6,0.8,0.1018698,0.007994152,0.03545606,0.0021894172666061767,0.0065862737894600565,True,0.1,0.85,10.0,10000.0,0.938,0.494
hermes.p.no-vmsub.zxpt.k+.76,1 / 1 / 2 / 2001,52.657444,1.2288104003466116,1.0,4.47213595499958,0.06109764,0.047,0.075,0.2837537,0.25,0.3,0.9640046,0.8,1.2,0.03177042,0.003755058,0.0110244,0.0006828196984320203,0.00329313689473003,True,0.1,0.85,10.0,10000.0,0.938,0.494
hermes.p.no-vmsub.zxpt.k+.77,1 / 1 / 2 / 2001,52.657444,1.2288104003466116,1.0,4.47213595499958,0.06109764,0.047,0.075,0.3347086,0.3,0.375,0.1000778,0.0,0.15,0.1750886,0.008393423,0.03027897,0.003763058374767618,0.005854465590631162,True,0.1,0.85,10.0,10000.0,0.938,0.494
hermes.p.no-vmsub.zxpt.k+.78,1 / 1 / 2 / 2001,52.657444,1.2288104003466116,1.0,4.47213595499958,0.06109764,0.047,0.075,0.3374265,0.3,0.375,0.2044161,0.15,0.25,0.3224608,0.01437569,0.138131,0.006930427303515282,0.008781698385946743,True,0.1,0.85,10.0,10000.0,0.938,0.494
hermes.p.no-vmsub.zxpt.k+.79,1 / 1 / 2 / 2001,52.657444,1.2288104003466116,1.0,4.47213595499958,0.06109764,0.047,0.075,0.3375293,0.3,0.375,0.3050586,0.25,0.35,0.4170395,0.01700115,0.178927,0.008963141992590608,0.008781698385946744,True,0.1,0.85,10.0,10000.0,0.938,0.494
hermes.p.no-vmsub.zxpt.k+.80,1 / 1 / 2 / 2001,52.657444,1.2288104003466116,1.0,4.47213595499958,0.06109764,0.047,0.075,0.3358133,0.3,0.375,0.4003943,0.35,0.45,0.3845589,0.01721073,0.1651466,0.008265058885823651,0.008781698385946739,True,0.1,0.85,10.0,10000.0,0.938,0.494
hermes.p.no-vmsub.zxpt.k+.81,1 / 1 / 2 / 2001,52.657444,1.2288104003466116,1.0,4.47213595499958,0.06109764,0.047,0.075,0.338179,0.3,0.375,0.5193973,0.45,0.6,0.273162,0.010634,0.06638516,0.005870882237725769,0.005854465590631162,True,0.1,0.85,10.0,10000.0,0.938,0.494
hermes.p.no-vmsub.zxpt.k+.82,1 / 1 / 2 / 2001,52.657444,1.2288104003466116,1.0,4.47213595499958,0.06109764,0.047,0.075,0.3444953,0.3,0.375,0.7011317,0.6,0.8,0.1260635,0.006164231,0.03063897,0.0027093957540783213,0.0043908491929733695,True,0.1,0.85,10.0,10000.0,0.938,0.494
hermes.p.no-vmsub.zxpt.k+.83,1 / 1 / 2 / 2001,52.657444,1.2288104003466116,1.0,4.47213595499958,0.06109764,0.047,0.075,0.3545811,0.3,0.375,0.9727436,0.8,1.2,0.02553415,0.002295771,0.006203411,0.0005487878536927736,0.002195424596486686,True,0.1,0.85,10.0,10000.0,0.938,0.494
hermes.p.no-vmsub.zxpt.k+.84,1 / 1 / 2 / 2001,52.657444,1.2288104003466116,1.0,4.47213595499958,0.06109764,0.047,0.075,0.4190102,0.375,0.475,0.1023066,0.0,0.15,0.09809582,0.004821047,0.01475006,0.002108305720536327,0.004390849192973373,True,0.1,0.85,10.0,10000.0,0.938,0.494
hermes.p.no-vmsub.zxpt.k+.85,1 / 1 / 2 / 2001,52.657444,1.2288104003466116,1.0,4.47213595499958,0.06109764,0.047,0.075,0.4200359,0.375,0.475,0.2036398,0.15,0.25,0.2133539,0.009277624,0.08422847,0.004585468044089295,0.006586273789460059,True,0.1,0.85,10.0,10000.0,0.938,0.494
hermes.p.no-vmsub.zxpt.k+.86,1 / 1 / 2 / 2001,52.657444,1.2288104003466116,1.0,4.47213595499958,0.06109764,0.047,0.075,0.4236032,0.375,0.475,0.3016362,0.25,0.35,0.2854723,0.01145958,0.1129604,0.00613545901491687,0.00658627378946006,True,0.1,0.85,10.0,10000.0,0.938,0.494
hermes.p.no-vmsub.zxpt.k+.87,1 / 1 / 2 / 2001,52.657444,1.2288104003466116,1.0,4.47213595499958,0.06109764,0.047,0.075,0.4243992,0.375,0.475,0.4019065,0.35,0.45,0.2580296,0.01181461,0.101957,0.005545652013997134,0.0065862737894600565,True,0.1,0.85,10.0,10000.0,0.938,0.494
hermes.p.no-vmsub.zxpt.k+.88,1 / 1 / 2 / 2001,52.657444,1.2288104003466116,1.0,4.47213595499958,0.06109764,0.047,0.075,0.4257536,0.375,0.475,0.5233992,0.45,0.6,0.2248972,0.008603892,0.08888018,0.00483356021992173,0.004390849192973374,True,0.1,0.85,10.0,10000.0,0.938,0.494
hermes.p.no-vmsub.zxpt.k+.89,1 / 1 / 2 / 2001,52.657444,1.2288104003466116,1.0,4.47213595499958,0.06109764,0.047,0.075,0.425345,0.375,0.475,0.6892298,0.6,0.8,0.11538,0.005131706,0.04560218,0.002479782665922783,0.0032931368947300282,True,0.1,0.85,10.0,10000.0,0.938,0.494
hermes.p.no-vmsub.zxpt.k+.90,1 / 1 / 2 / 2001,52.657444,1.2288104003466116,1.0,4.47213595499958,0.06109764,0.047,0.075,0.4287236,0.375,0.475,0.9586694,0.8,1.2,0.0275098,0.001716661,0.01087684,0.000591249134884751,0.001646568447365015,True,0.1,0.85,10.0,10000.0,0.938,0.494
hermes.p.no-vmsub.zxpt.k+.91,1 / 1 / 2 / 2001,52.657444,1.2288104003466116,1.0,4.47213595499958,0.06109764,0.047,0.075,0.5278343,0.475,0.6,0.09947765,0.0,0.15,0.04732597,0.00317093,0.006472317,0.001017144392910224,0.0035126793543786973,True,0.1,0.85,10.0,10000.0,0.938,0.494
hermes.p.no-vmsub.zxpt.k+.92,1 / 1 / 2 / 2001,52.657444,1.2288104003466116,1.0,4.47213595499958,0.06109764,0.047,0.075,0.5302179,0.475,0.6,0.2018003,0.15,0.25,0.1167363,0.006086296,0.0131491,0.0025089326852484116,0.005269019031568046,True,0.1,0.85,10.0,10000.0,0.938,0.494
hermes.p.no-vmsub.zxpt.k+.93,1 / 1 / 2 / 2001,52.657444,1.2288104003466116,1.0,4.47213595499958,0.06109764,0.047,0.075,0.5326733,0.475,0.6,0.299881,0.25,0.35,0.1534981,0.007375122,0.0459114,0.0032990286672914012,0.005269019031568047,True,0.1,0.85,10.0,10000.0,0.938,0.494
hermes.p.no-vmsub.zxpt.k+.94,1 / 1 / 2 / 2001,52.657444,1.2288104003466116,1.0,4.47213595499958,0.06109764,0.047,0.075,0.5363619,0.475,0.6,0.4032745,0.35,0.45,0.1554249,0.007960833,0.06953087,0.0033404400491660767,0.005269019031568044,True,0.1,0.85,10.0,10000.0,0.938,0.494
hermes.p.no-vmsub.zxpt.k+.95,1 / 1 / 2 / 2001,52.657444,1.2288104003466116,1.0,4.47213595499958,0.06109764,0.047,0.075,0.5321911,0.475,0.6,0.5252989,0.45,0.6,0.1455215,0.006349174,0.06510712,0.0031275931116231774,0.003512679354378698,True,0.1,0.85,10.0,10000.0,0.938,0.494
hermes.p.no-vmsub.zxpt.k+.96,1 / 1 / 2 / 2001,52.657444,1.2288104003466116,1.0,4.47213595499958,0.06109764,0.047,0.075,0.5357751,0.475,0.6,0.6916655,0.6,0.8,0.108841,0.004728008,0.04863725,0.0023392444543395875,0.002634509515784022,True,0.1,0.85,10.0,10000.0,0.938,0.494
hermes.p.no-vmsub.zxpt.k+.97,1 / 1 / 2 / 2001,52.657444,1.2288104003466116,1.0,4.47213595499958,0.06109764,0.047,0.075,0.5424189,0.475,0.6,0.9396659,0.8,1.2,0.02899756,0.001486311,0.01296005,0.0006232245332124792,0.0013172547578920116,True,0.1,0.85,10.0,10000.0,0.938,0.494
hermes.p.no-vmsub.zxpt.k+.98,1 / 1 / 2 / 2001,52.657444,1.2288104003466116,1.0,4.47213595499958,0.06109764,0.047,0.075,0.6865182,0.6,0.8,0.1021088,0.0,0.15,0.01441185,0.001574457,0.006431164,0.00030974394014455934,0.002195424596486685,True,0.1,0.85,10.0,10000.0,0.938,0.494
hermes.p.no-vmsub.zxpt.k+.99,1 / 1 / 2 / 2001,52.657444,1.2288104003466116,1.0,4.47213595499958,0.06109764,0.047,0.075,0.6822864,0.6,0.8,0.2069973,0.15,0.25,0.04060582,0.003164358,0.01813344,0.0008727128494676777,0.003293136894730028,True,0.1,0.85,10.0,10000.0,0.938,0.494
hermes.p.no-vmsub.zxpt.k+.100,1 / 1 / 2 / 2001,52.657444,1.2288104003466116,1.0,4.47213595499958,0.06109764,0.047,0.075,0.6860532,0.6,0.8,0.3033834,0.25,0.35,0.05573735,0.003904712,0.02493236,0.0011979243748870792,0.0032931368947300282,True,0.1,0.85,10.0,10000.0,0.938,0.494
hermes.p.no-vmsub.zxpt.k+.101,1 / 1 / 2 / 2001,52.657444,1.2288104003466116,1.0,4.47213595499958,0.06109764,0.047,0.075,0.6884619,0.6,0.8,0.4030408,0.35,0.45,0.07482177,0.004452797,0.03102569,0.001608092635462483,0.0032931368947300265,True,0.1,0.85,10.0,10000.0,0.938,0.494
hermes.p.no-vmsub.zxpt.k+.102,1 / 1 / 2 / 2001,52.657444,1.2288104003466116,1.0,4.47213595499958,0.06109764,0.047,0.075,0.6879436,0.6,0.8,0.5243491,0.45,0.6,0.07200437,0.003460935,0.02007461,0.0015475402027794283,0.0021954245964866856,True,0.1,0.85,10.0,10000.0,0.938,0.494
hermes.p.no-vmsub.zxpt.k+.103,1 / 1 / 2 / 2001,52.657444,1.2288104003466116,1.0,4.47213595499958,0.06109764,0.047,0.075,0.6871345,0.6,0.8,0.6933388,0.6,0.8,0.06437137,0.002944962,0.01250769,0.001383489404642935,0.0016465684473650133,True,0.1,0.85,10.0,10000.0,0.938,0.494
hermes.p.no-vmsub.zxpt.k+.104,1 / 1 / 2 / 2001,52.657444,1.2288104003466116,1.0,4.47213595499958,0.06109764,0.047,0.075,0.6908342,0.6,0.8,0.9272354,0.8,1.2,0.02230958,0.001112865,0.004343407,0.0004794843973653804,0.0008232842236825071,True,0.1,0.85,10.0,10000.0,0.938,0.494
hermes.p.no-vmsub.zxpt.k+.105,1 / 1 / 2 / 2001,52.657444,1.2288104003466116,1.0,4.47213595499958,0.06109764,0.047,0.075,0.8758458,0.8,1.1,0.1059831,0.0,0.15,0.006603956,0.0007324426,0.00127274,0.00014193426603672002,0.0014636163976577904,True,0.1,0.85,10.0,10000.0,0.938,0.494
hermes.p.no-vmsub.zxpt.k+.106,1 / 1 / 2 / 2001,52.657444,1.2288104003466116,1.0,4.47213595499958,0.06109764,0.047,0.075,0.8750385,0.8,1.1,0.2035943,0.15,0.25,0.01150764,0.001221168,0.002220452,0.00024732576007696004,0.0021954245964866856,True,0.1,0.85,10.0,10000.0,0.938,0.494
hermes.p.no-vmsub.zxpt.k+.107,1 / 1 / 2 / 2001,52.657444,1.2288104003466116,1.0,4.47213595499958,0.06109764,0.047,0.075,0.8719909,0.8,1.1,0.3000836,0.25,0.35,0.01627189,0.001752131,0.003162845,0.0003497204954394373,0.002195424596486686,True,0.1,0.85,10.0,10000.0,0.938,0.494
hermes.p.no-vmsub.zxpt.k+.108,1 / 1 / 2 / 2001,52.657444,1.2288104003466116,1.0,4.47213595499958,0.06109764,0.047,0.075,0.8685826,0.8,1.1,0.3995241,0.35,0.45,0.02225716,0.001892604,0.009236839,0.00047835777050329284,0.0021954245964866848,True,0.1,0.85,10.0,10000.0,0.938,0.494
hermes.p.no-vmsub.zxpt.k+.109,1 / 1 / 2 / 2001,52.657444,1.2288104003466116,1.0,4.47213595499958,0.06109764,0.047,0.075,0.8697904,0.8,1.1,0.5241598,0.45,0.6,0.02044034,0.001363073,0.005707059,0.00043931011282343646,0.0014636163976577904,True,0.1,0.85,10.0,10000.0,0.938,0.494
hermes.p.no-vmsub.zxpt.k+.110,1 / 1 / 2 / 2001,52.657444,1.2288104003466116,1.0,4.47213595499958,0.06109764,0.047,0.075,0.8695303,0.8,1.1,0.6853665,0.6,0.8,0.01395931,0.0009542844,0.002727248,0.00030001781041985234,0.0010977122982433424,True,0.1,0.85,10.0,10000.0,0.938,0.494
hermes.p.no-vmsub.zxpt.k+.111,1 / 1 / 2 / 2001,52.657444,1.2288104003466116,1.0,4.47213595499958,0.06109764,0.047,0.075,0.8489392,0.8,1.1,0.9612706,0.8,1.2,0.004901056,0.0003678189,0.0009562147,0.00010533501225096941,0.0005488561491216715,True,0.1,0.85,10.0,10000.0,0.938,0.494
hermes.p.no-vmsub.zxpt.k+.112,1 / 1 / 2 / 2001,52.657444,1.3493231636639162,1.0,4.47213595499958,0.09573812,0.075,0.12,0.1459466,0.1,0.2,0.09922431,0.0,0.15,0.3528153,0.01777903,0.07514408,0.0066519410320619,0.003076587332639371,True,0.1,0.85,10.0,10000.0,0.938,0.494
hermes.p.no-vmsub.zxpt.k+.113,1 / 1 / 2 / 2001,52.657444,1.3493231636639162,1.0,4.47213595499958,0.09573812,0.075,0.12,0.1451566,0.1,0.2,0.2053778,0.15,0.25,0.7006178,0.03081745,0.0533525,0.013209371281837657,0.004614880998959056,True,0.1,0.85,10.0,10000.0,0.938,0.494
hermes.p.no-vmsub.zxpt.k+.114,1 / 1 / 2 / 2001,52.657444,1.3493231636639162,1.0,4.47213595499958,0.09573812,0.075,0.12,0.1452045,0.1,0.2,0.3065189,0.25,0.35,0.7799492,0.03421003,0.2005301,0.014705076810455367,0.004614880998959057,True,0.1,0.85,10.0,10000.0,0.938,0.494
hermes.p.no-vmsub.zxpt.k+.115,1 / 1 / 2 / 2001,52.657444,1.3493231636639162,1.0,4.47213595499958,0.09573812,0.075,0.12,0.1439229,0.1,0.2,0.4024017,0.35,0.45,0.7090848,0.03637827,0.2834493,0.013369007172680452,0.004614880998959054,True,0.1,0.85,10.0,10000.0,0.938,0.494
hermes.p.no-vmsub.zxpt.k+.116,1 / 1 / 2 / 2001,52.657444,1.3493231636639162,1.0,4.47213595499958,0.09573812,0.075,0.12,0.1502533,0.1,0.2,0.533379,0.45,0.6,0.4323974,0.02805922,0.1725873,0.008152373231027346,0.003076587332639371,True,0.1,0.85,10.0,10000.0,0.938,0.494
hermes.p.no-vmsub.zxpt.k+.117,1 / 1 / 2 / 2001,52.657444,1.3493231636639162,1.0,4.47213595499958,0.09573812,0.075,0.12,0.1556587,0.1,0.2,0.692143,0.6,0.8,0.1534874,0.02346888,0.0611359,0.0028938346323543725,0.002307440499479527,True,0.1,0.85,10.0,10000.0,0.938,0.494
hermes.p.no-vmsub.zxpt.k+.118,1 / 1 / 2 / 2001,52.657444,1.3545331299012218,1.0,4.47213595499958,0.09576496,0.075,0.12,0.1582187,0.1,0.2,0.8833677,0.8,1.2,0.0491944,0.02416775,0.01956446,0.0009275058306929034,0.0011537202497397642,True,0.1,0.85,10.0,10000.0,0.938,0.494
hermes.p.no-vmsub.zxpt.k+.119,1 / 1 / 2 / 2001,52.657444,1.3493231636639162,1.0,4.47213595499958,0.09573812,0.075,0.12,0.2246229,0.2,0.25,0.1012143,0.0,0.15,0.2224826,0.01212389,0.02639424,0.004194662578011256,0.006153174665278743,True,0.1,0.85,10.0,10000.0,0.938,0.494
hermes.p.no-vmsub.zxpt.k+.120,1 / 1 / 2 / 2001,52.657444,1.3493231636639162,1.0,4.47213595499958,0.09573812,0.075,0.12,0.2252788,0.2,0.25,0.2029552,0.15,0.25,0.4786526,0.02372492,0.1741898,0.009024463706769835,0.009229761997918114,True,0.1,0.85,10.0,10000.0,0.938,0.494
hermes.p.no-vmsub.zxpt.k+.121,1 / 1 / 2 / 2001,52.657444,1.3493231636639162,1.0,4.47213595499958,0.09573812,0.075,0.12,0.2244599,0.2,0.25,0.3007973,0.25,0.35,0.5453316,0.02798273,0.1982882,0.010281622271256284,0.009229761997918116,True,0.1,0.85,10.0,10000.0,0.938,0.494
hermes.p.no-vmsub.zxpt.k+.122,1 / 1 / 2 / 2001,52.657444,1.3493231636639162,1.0,4.47213595499958,0.09573812,0.075,0.12,0.2265094,0.2,0.25,0.4025777,0.35,0.45,0.3910957,0.02364897,0.1421904,0.0073736755018644915,0.00922976199791811,True,0.1,0.85,10.0,10000.0,0.938,0.494
hermes.p.no-vmsub.zxpt.k+.123,1 / 1 / 2 / 2001,52.657444,1.3493231636639162,1.0,4.47213595499958,0.09573812,0.075,0.12,0.2260114,0.2,0.25,0.5261683,0.45,0.6,0.2410728,0.01556391,0.08768048,0.004545160173138898,0.006153174665278744,True,0.1,0.85,10.0,10000.0,0.938,0.494
hermes.p.no-vmsub.zxpt.k+.124,1 / 1 / 2 / 2001,52.657444,1.3493231636639162,1.0,4.47213595499958,0.09573812,0.075,0.12,0.2305859,0.2,0.25,0.7061728,0.6,0.8,0.130603,0.01248958,0.04738751,0.002462374660652132,0.004614880998959055,True,0.1,0.85,10.0,10000.0,0.938,0.494
hermes.p.no-vmsub.zxpt.k+.125,1 / 1 / 2 / 2001,52.657444,1.3493231636639162,1.0,4.47213595499958,0.09573812,0.075,0.12,0.2392317,0.2,0.25,0.9893668,0.8,1.2,0.02195108,0.006584807,0.007966716,0.00041386325862306236,0.002307440499479529,True,0.1,0.85,10.0,10000.0,0.938,0.494
hermes.p.no-vmsub.zxpt.k+.126,1 / 1 / 2 / 2001,52.657444,1.3493231636639162,1.0,4.47213595499958,0.09573812,0.075,0.12,0.2758338,0.25,0.3,0.09974571,0.0,0.15,0.1965085,0.01144548,0.04677978,0.003704949740838722,0.006153174665278743,True,0.1,0.85,10.0,10000.0,0.938,0.494
hermes.p.no-vmsub.zxpt.k+.127,1 / 1 / 2 / 2001,52.657444,1.3493231636639162,1.0,4.47213595499958,0.09573812,0.075,0.12,0.2750426,0.25,0.3,0.2022765,0.15,0.25,0.382252,0.0192609,0.1856176,0.007206937350471267,0.009229761997918114,True,0.1,0.85,10.0,10000.0,0.938,0.494
hermes.p.no-vmsub.zxpt.k+.128,1 / 1 / 2 / 2001,52.657444,1.3493231636639162,1.0,4.47213595499958,0.09573812,0.075,0.12,0.2744045,0.25,0.3,0.2990156,0.25,0.35,0.4124183,0.02231184,0.2003951,0.007775689467387651,0.009229761997918116,True,0.1,0.85,10.0,10000.0,0.938,0.494
hermes.p.no-vmsub.zxpt.k+.129,1 / 1 / 2 / 2001,52.657444,1.3493231636639162,1.0,4.47213595499958,0.09573812,0.075,0.12,0.2759259,0.25,0.3,0.4014451,0.35,0.45,0.3359212,0.02043053,0.1632605,0.006333421520607161,0.00922976199791811,True,0.1,0.85,10.0,10000.0,0.938,0.494
hermes.p.no-vmsub.zxpt.k+.130,1 / 1 / 2 / 2001,52.657444,1.3493231636639162,1.0,4.47213595499958,0.09573812,0.075,0.12,0.2784823,0.25,0.3,0.5245121,0.45,0.6,0.2420056,0.01373838,0.1175375,0.004562747082195016,0.006153174665278744,True,0.1,0.85,10.0,10000.0,0.938,0.494
hermes.p.no-vmsub.zxpt.k+.131,1 / 1 / 2 / 2001,52.657444,1.3493231636639162,1.0,4.47213595499958,0.09573812,0.075,0.12,0.2785587,0.25,0.3,0.6969574,0.6,0.8,0.1049257,0.008373275,0.05096741,0.0019782576581792717,0.004614880998959055,True,0.1,0.85,10.0,10000.0,0.938,0.494
hermes.p.no-vmsub.zxpt.k+.132,1 / 1 / 2 / 2001,52.657444,1.3493231636639162,1.0,4.47213595499958,0.09573812,0.075,0.12,0.2844456,0.25,0.3,0.9525812,0.8,1.2,0.02214375,0.003568758,0.01075165,0.0004174958377052262,0.002307440499479529,True,0.1,0.85,10.0,10000.0,0.938,0.494
hermes.p.no-vmsub.zxpt.k+.133,1 / 1 / 2 / 2001,52.657444,1.3493231636639162,1.0,4.47213595499958,0.09573812,0.075,0.12,0.336258,0.3,0.375,0.101785,0.0,0.15,0.1476959,0.006501689,0.0468398,0.0027846423255377846,0.004102116443519161,True,0.1,0.85,10.0,10000.0,0.938,0.494
hermes.p.no-vmsub.zxpt.k+.134,1 / 1 / 2 / 2001,52.657444,1.3493231636639162,1.0,4.47213595499958,0.09573812,0.075,0.12,0.335544,0.3,0.375,0.2021177,0.15,0.25,0.3113731,0.01252131,0.09887295,0.00587059433128414,0.00615317466527874,True,0.1,0.85,10.0,10000.0,0.938,0.494
hermes.p.no-vmsub.zxpt.k+.135,1 / 1 / 2 / 2001,52.657444,1.3493231636639162,1.0,4.47213595499958,0.09573812,0.075,0.12,0.3364101,0.3,0.375,0.3002984,0.25,0.35,0.3452671,0.01528533,0.1096926,0.006509628095808258,0.006153174665278742,True,0.1,0.85,10.0,10000.0,0.938,0.494
hermes.p.no-vmsub.zxpt.k+.136,1 / 1 / 2 / 2001,52.657444,1.3493231636639162,1.0,4.47213595499958,0.09573812,0.075,0.12,0.3387127,0.3,0.375,0.4013588,0.35,0.45,0.3108325,0.01534133,0.09849591,0.005860401918081162,0.0061531746652787375,True,0.1,0.85,10.0,10000.0,0.938,0.494
hermes.p.no-vmsub.zxpt.k+.137,1 / 1 / 2 / 2001,52.657444,1.3493231636639162,1.0,4.47213595499958,0.09573812,0.075,0.12,0.3382548,0.3,0.375,0.519702,0.45,0.6,0.2285468,0.0100556,0.07256526,0.004308996340766528,0.004102116443519161,True,0.1,0.85,10.0,10000.0,0.938,0.494
hermes.p.no-vmsub.zxpt.k+.138,1 / 1 / 2 / 2001,52.657444,1.3493231636639162,1.0,4.47213595499958,0.09573812,0.075,0.12,0.3396395,0.3,0.375,0.6920079,0.6,0.8,0.1081626,0.005565522,0.03430782,0.002039285816330807,0.0030765873326393687,True,0.1,0.85,10.0,10000.0,0.938,0.494
hermes.p.no-vmsub.zxpt.k+.139,1 / 1 / 2 / 2001,52.657444,1.3493231636639162,1.0,4.47213595499958,0.09573812,0.075,0.12,0.3446542,0.3,0.375,0.946269,0.8,1.2,0.02446361,0.002130309,0.007760665,0.00046123422411488337,0.0015382936663196854,True,0.1,0.85,10.0,10000.0,0.938,0.494
hermes.p.no-vmsub.zxpt.k+.140,1 / 1 / 2 / 2001,52.657444,1.3493231636639162,1.0,4.47213595499958,0.09573812,0.075,0.12,0.4199511,0.375,0.475,0.1000048,0.0,0.15,0.1041922,0.004585755,0.02914977,0.0019644283294993157,0.0030765873326393713,True,0.1,0.85,10.0,10000.0,0.938,0.494
hermes.p.no-vmsub.zxpt.k+.141,1 / 1 / 2 / 2001,52.657444,1.3493231636639162,1.0,4.47213595499958,0.09573812,0.075,0.12,0.4214241,0.375,0.475,0.2028832,0.15,0.25,0.2027498,0.008265577,0.05690129,0.00382262252760111,0.004614880998959057,True,0.1,0.85,10.0,10000.0,0.938,0.494
hermes.p.no-vmsub.zxpt.k+.142,1 / 1 / 2 / 2001,52.657444,1.3493231636639162,1.0,4.47213595499958,0.09573812,0.075,0.12,0.4198209,0.375,0.475,0.2989953,0.25,0.35,0.2353548,0.009714178,0.06606084,0.004437353627273879,0.004614880998959058,True,0.1,0.85,10.0,10000.0,0.938,0.494
hermes.p.no-vmsub.zxpt.k+.143,1 / 1 / 2 / 2001,52.657444,1.3493231636639162,1.0,4.47213595499958,0.09573812,0.075,0.12,0.4206561,0.375,0.475,0.3998475,0.35,0.45,0.2428282,0.0110124,0.0682853,0.004578256292518305,0.004614880998959055,True,0.1,0.85,10.0,10000.0,0.938,0.494
hermes.p.no-vmsub.zxpt.k+.144,1 / 1 / 2 / 2001,52.657444,1.3493231636639162,1.0,4.47213595499958,0.09573812,0.075,0.12,0.4257871,0.375,0.475,0.5240289,0.45,0.6,0.1900652,0.008142165,0.008105128,0.0035834684681958274,0.003076587332639372,True,0.1,0.85,10.0,10000.0,0.938,0.494
hermes.p.no-vmsub.zxpt.k+.145,1 / 1 / 2 / 2001,52.657444,1.3493231636639162,1.0,4.47213595499958,0.09573812,0.075,0.12,0.4249353,0.375,0.475,0.6869798,0.6,0.8,0.101311,0.004902572,0.004531491,0.001910106500197761,0.0023074404994795276,True,0.1,0.85,10.0,10000.0,0.938,0.494
hermes.p.no-vmsub.zxpt.k+.146,1 / 1 / 2 / 2001,52.657444,1.3493231636639162,1.0,4.47213595499958,0.09573812,0.075,0.12,0.428653,0.375,0.475,0.9271096,0.8,1.2,0.0210915,0.001453143,0.0009727593,0.0003976568314291743,0.0011537202497397645,True,0.1,0.85,10.0,10000.0,0.938,0.494
hermes.p.no-vmsub.zxpt.k+.147,1 / 1 / 2 / 2001,52.657444,1.3493231636639162,1.0,4.47213595499958,0.09573812,0.075,0.12,0.529456,0.475,0.6,0.102066,0.0,0.15,0.0522714,0.003036199,0.001438552,0.0009855192517538793,0.0024612698661114966,True,0.1,0.85,10.0,10000.0,0.938,0.494
hermes.p.no-vmsub.zxpt.k+.148,1 / 1 / 2 / 2001,52.657444,1.3493231636639162,1.0,4.47213595499958,0.09573812,0.075,0.12,0.531196,0.475,0.6,0.2039946,0.15,0.25,0.1226883,0.005739925,0.03052423,0.0023131517735311365,0.0036919047991672447,True,0.1,0.85,10.0,10000.0,0.938,0.494
hermes.p.no-vmsub.zxpt.k+.149,1 / 1 / 2 / 2001,52.657444,1.3493231636639162,1.0,4.47213595499958,0.09573812,0.075,0.12,0.5329318,0.475,0.6,0.3014069,0.25,0.35,0.1571989,0.007116788,0.06884513,0.002963810846936047,0.0036919047991672456,True,0.1,0.85,10.0,10000.0,0.938,0.494
hermes.p.no-vmsub.zxpt.k+.150,1 / 1 / 2 / 2001,52.657444,1.3493231636639162,1.0,4.47213595499958,0.09573812,0.075,0.12,0.5347046,0.475,0.6,0.4012964,0.35,0.45,0.1776399,0.008203885,0.07781191,0.0033492032225965617,0.0036919047991672434,True,0.1,0.85,10.0,10000.0,0.938,0.494
hermes.p.no-vmsub.zxpt.k+.151,1 / 1 / 2 / 2001,52.657444,1.3493231636639162,1.0,4.47213595499958,0.09573812,0.075,0.12,0.5348048,0.475,0.6,0.5238587,0.45,0.6,0.1611325,0.006634621,0.07064963,0.003037974510597228,0.002461269866111497,True,0.1,0.85,10.0,10000.0,0.938,0.494
hermes.p.no-vmsub.zxpt.k+.152,1 / 1 / 2 / 2001,52.657444,1.3493231636639162,1.0,4.47213595499958,0.09573812,0.075,0.12,0.5360276,0.475,0.6,0.6888152,0.6,0.8,0.09378454,0.004760071,0.04107351,0.0017682034475235357,0.0018459523995836217,True,0.1,0.85,10.0,10000.0,0.938,0.494
hermes.p.no-vmsub.zxpt.k+.153,1 / 1 / 2 / 2001,52.657444,1.3493231636639162,1.0,4.47213595499958,0.09573812,0.075,0.12,0.542319,0.475,0.6,0.9279162,0.8,1.2,0.01831041,0.001224696,0.008018345,0.00034522246510532996,0.0009229761997918114,True,0.1,0.85,10.0,10000.0,0.938,0.494
hermes.p.no-vmsub.zxpt.k+.154,1 / 1 / 2 / 2001,52.657444,1.3493231636639162,1.0,4.47213595499958,0.09573812,0.075,0.12,0.6906232,0.6,0.8,0.1006895,0.0,0.15,0.02309413,0.001758853,0.01009644,0.0004354141981562922,0.0015382936663196848,True,0.1,0.85,10.0,10000.0,0.938,0.494
hermes.p.no-vmsub.zxpt.k+.155,1 / 1 / 2 / 2001,52.657444,1.3493231636639162,1.0,4.47213595499958,0.09573812,0.075,0.12,0.6911917,0.6,0.8,0.2047725,0.15,0.25,0.06129339,0.003686998,0.0268166,0.0011556188632839124,0.002307440499479527,True,0.1,0.85,10.0,10000.0,0.938,0.494
hermes.p.no-vmsub.zxpt.k+.156,1 / 1 / 2 / 2001,52.657444,1.3493231636639162,1.0,4.47213595499958,0.09573812,0.075,0.12,0.6901545,0.6,0.8,0.3014819,0.25,0.35,0.06439232,0.004035731,0.02889676,0.0012140457501634994,0.0023074404994795276,True,0.1,0.85,10.0,10000.0,0.938,0.494
hermes.p.no-vmsub.zxpt.k+.157,1 / 1 / 2 / 2001,52.657444,1.3493231636639162,1.0,4.47213595499958,0.09573812,0.075,0.12,0.6879967,0.6,0.8,0.4016472,0.35,0.45,0.09063175,0.004773502,0.02496306,0.0017087610901017503,0.0023074404994795263,True,0.1,0.85,10.0,10000.0,0.938,0.494
hermes.p.no-vmsub.zxpt.k+.158,1 / 1 / 2 / 2001,52.657444,1.3493231636639162,1.0,4.47213595499958,0.09573812,0.075,0.12,0.6858741,0.6,0.8,0.5258268,0.45,0.6,0.08827469,0.003955277,0.0112775,0.0016643213389655842,0.001538293666319685,True,0.1,0.85,10.0,10000.0,0.938,0.494
hermes.p.no-vmsub.zxpt.k+.159,1 / 1 / 2 / 2001,52.657444,1.3493231636639162,1.0,4.47213595499958,0.09573812,0.075,0.12,0.6876243,0.6,0.8,0.6903678,0.6,0.8,0.07443555,0.003235346,0.004975995,0.0014033997088252555,0.0011537202497397632,True,0.1,0.85,10.0,10000.0,0.938,0.494
hermes.p.no-vmsub.zxpt.k+.160,1 / 1 / 2 / 2001,52.657444,1.3493231636639162,1.0,4.47213595499958,0.09573812,0.075,0.12,0.6931552,0.6,0.8,0.9313154,0.8,1.2,0.02303514,0.001178552,0.001474711,0.0004343020071558414,0.0005768601248698819,True,0.1,0.85,10.0,10000.0,0.938,0.494
hermes.p.no-vmsub.zxpt.k+.161,1 / 1 / 2 / 2001,52.657444,1.3493231636639162,1.0,4.47213595499958,0.09573812,0.075,0.12,0.8696433,0.8,1.1,0.103083,0.0,0.15,0.005727686,0.0006522187,0.0003439574,0.00010798916464837691,0.0010255291108797902,True,0.1,0.85,10.0,10000.0,0.938,0.494
hermes.p.no-vmsub.zxpt.k+.162,1 / 1 / 2 / 2001,52.657444,1.3493231636639162,1.0,4.47213595499958,0.09573812,0.075,0.12,0.8733664,0.8,1.1,0.2037084,0.15,0.25,0.01725679,0.00142794,0.00107676,0.00032535762899929646,0.001538293666319685,True,0.1,0.85,10.0,10000.0,0.938,0.494
hermes.p.no-vmsub.zxpt.k+.163,1 / 1 / 2 / 2001,52.657444,1.3493231636639162,1.0,4.47213595499958,0.09573812,0.075,0.12,0.8737478,0.8,1.1,0.2988432,0.25,0.35,0.01871864,0.001638116,0.008399633,0.0003529191888231468,0.0015382936663196854,True,0.1,0.85,10.0,10000.0,0.938,0.494
hermes.p.no-vmsub.zxpt.k+.164,1 / 1 / 2 / 2001,52.657444,1.3493231636639162,1.0,4.47213595499958,0.09573812,0.075,0.12,0.8750377,0.8,1.1,0.4006197,0.35,0.45,0.01959841,0.001720653,0.005395171,0.0003695062760661804,0.0015382936663196844,True,0.1,0.85,10.0,10000.0,0.938,0.494
hermes.p.no-vmsub.zxpt.k+.165,1 / 1 / 2 / 2001,52.657444,1.3493231636639162,1.0,4.47213595499958,0.09573812,0.075,0.12,0.8705605,0.8,1.1,0.5268148,0.45,0.6,0.02120094,0.001455346,0.002674304,0.00039972020120522674,0.0010255291108797902,True,0.1,0.85,10.0,10000.0,0.938,0.494
hermes.p.no-vmsub.zxpt.k+.166,1 / 1 / 2 / 2001,52.657444,1.3493231636639162,1.0,4.47213595499958,0.09573812,0.075,0.12,0.868301,0.8,1.1,0.6925042,0.6,0.8,0.01696104,0.001113568,0.001125235,0.00031978159088464465,0.0007691468331598422,True,0.1,0.85,10.0,10000.0,0.938,0.494
hermes.p.no-vmsub.zxpt.k+.167,1 / 1 / 2 / 2001,52.657444,1.3493231636639162,1.0,4.47213595499958,0.09573812,0.075,0.12,0.8604129,0.8,1.1,0.909452,0.8,1.2,0.007484021,0.0005474533,0.0004963783,0.0001411029124153996,0.00038457341657992136,True,0.1,0.85,10.0,10000.0,0.938,0.494
hermes.p.no-vmsub.zxpt.k+.168,1 / 1 / 2 / 2001,52.657444,1.6957122397388067,1.0,4.47213595499958,0.1522067,0.12,0.2,0.1447089,0.1,0.2,0.1011281,0.0,0.15,0.3603861,0.02120843,0.06123252,0.005758457018636703,0.004370331010251523,True,0.1,0.85,10.0,10000.0,0.938,0.494
hermes.p.no-vmsub.zxpt.k+.169,1 / 1 / 2 / 2001,52.657444,1.6957122397388067,1.0,4.47213595499958,0.1522067,0.12,0.2,0.1439571,0.1,0.2,0.2009916,0.15,0.25,0.6660655,0.04177905,0.06607285,0.01064277882345286,0.006555496515377284,True,0.1,0.85,10.0,10000.0,0.938,0.494
hermes.p.no-vmsub.zxpt.k+.170,1 / 1 / 2 / 2001,52.657444,1.6957122397388067,1.0,4.47213595499958,0.1522067,0.12,0.2,0.1432616,0.1,0.2,0.3017368,0.25,0.35,0.7468961,0.04894594,0.2127746,0.011934336782793178,0.006555496515377285,True,0.1,0.85,10.0,10000.0,0.938,0.494
hermes.p.no-vmsub.zxpt.k+.171,1 / 1 / 2 / 2001,52.657444,1.6957122397388067,1.0,4.47213595499958,0.1522067,0.12,0.2,0.1431642,0.1,0.2,0.4003962,0.35,0.45,0.5888882,0.04863588,0.2590033,0.009409595399163105,0.006555496515377281,True,0.1,0.85,10.0,10000.0,0.938,0.494
hermes.p.no-vmsub.zxpt.k+.172,1 / 1 / 2 / 2001,52.657444,1.6957122397388067,1.0,4.47213595499958,0.1522067,0.12,0.2,0.1476165,0.1,0.2,0.5164866,0.45,0.6,0.461699,0.04002876,0.2025724,0.007377292983962332,0.004370331010251523,True,0.1,0.85,10.0,10000.0,0.938,0.494
hermes.p.no-vmsub.zxpt.k+.173,1 / 1 / 2 / 2001,52.657444,1.6957122397388067,1.0,4.47213595499958,0.1522067,0.12,0.2,0.1480325,0.1,0.2,0.6667381,0.6,0.8,0.1407577,0.03264992,0.06166596,0.002249107736097923,0.0032777482576886404,True,0.1,0.85,10.0,10000.0,0.938,0.494
hermes.p.no-vmsub.zxpt.k+.174,1 / 1 / 2 / 2001,52.657444,1.6978277297770819,1.0,4.47213595499958,0.1522425,0.12,0.2,0.181773,0.1,0.2,0.8871489,0.8,1.2,0.0001558531,0.0171311,7.347535e-05,2.4903107460895076e-06,0.0016388741288443213,True,0.1,0.85,10.0,10000.0,0.938,0.494
hermes.p.no-vmsub.zxpt.k+.175,1 / 1 / 2 / 2001,52.657444,1.6957122397388067,1.0,4.47213595499958,0.1522067,0.12,0.2,0.2240446,0.2,0.25,0.1004807,0.0,0.15,0.2351994,0.01452649,0.03750574,0.003758151703712051,0.008740662020503049,True,0.1,0.85,10.0,10000.0,0.938,0.494
hermes.p.no-vmsub.zxpt.k+.176,1 / 1 / 2 / 2001,52.657444,1.6957122397388067,1.0,4.47213595499958,0.1522067,0.12,0.2,0.2237802,0.2,0.25,0.2013821,0.15,0.25,0.4310431,0.02857309,0.173299,0.006887455327855105,0.013110993030754572,True,0.1,0.85,10.0,10000.0,0.938,0.494
hermes.p.no-vmsub.zxpt.k+.177,1 / 1 / 2 / 2001,52.657444,1.6957122397388067,1.0,4.47213595499958,0.1522067,0.12,0.2,0.224139,0.2,0.25,0.2969513,0.25,0.35,0.4663242,0.03253825,0.1872913,0.007451197097918443,0.013110993030754574,True,0.1,0.85,10.0,10000.0,0.938,0.494
hermes.p.no-vmsub.zxpt.k+.178,1 / 1 / 2 / 2001,52.657444,1.6957122397388067,1.0,4.47213595499958,0.1522067,0.12,0.2,0.2234106,0.2,0.25,0.4030871,0.35,0.45,0.3526469,0.0312587,0.1416925,0.005634795616161321,0.013110993030754567,True,0.1,0.85,10.0,10000.0,0.938,0.494
hermes.p.no-vmsub.zxpt.k+.179,1 / 1 / 2 / 2001,52.657444,1.6957122397388067,1.0,4.47213595499958,0.1522067,0.12,0.2,0.2242457,0.2,0.25,0.5150054,0.45,0.6,0.2664577,0.02262817,0.1071255,0.004257614854554027,0.00874066202050305,True,0.1,0.85,10.0,10000.0,0.938,0.494
hermes.p.no-vmsub.zxpt.k+.180,1 / 1 / 2 / 2001,52.657444,1.6957122397388067,1.0,4.47213595499958,0.1522067,0.12,0.2,0.2224672,0.2,0.25,0.6835921,0.6,0.8,0.112148,0.01597876,0.04497816,0.0017919654440780846,0.0065554965153772835,True,0.1,0.85,10.0,10000.0,0.938,0.494
hermes.p.no-vmsub.zxpt.k+.181,1 / 1 / 2 / 2001,52.657444,1.6962735628429748,1.0,4.47213595499958,0.1522273,0.12,0.2,0.2220863,0.2,0.25,0.915138,0.8,1.2,0.02667284,0.008625018,0.01068437,0.0004261940255325436,0.0032777482576886435,True,0.1,0.85,10.0,10000.0,0.938,0.494
hermes.p.no-vmsub.zxpt.k+.182,1 / 1 / 2 / 2001,52.657444,1.6957122397388067,1.0,4.47213595499958,0.1522067,0.12,0.2,0.2741975,0.25,0.3,0.09927784,0.0,0.15,0.2009129,0.01276976,0.05594499,0.0032103022262502745,0.008740662020503049,True,0.1,0.85,10.0,10000.0,0.938,0.494
hermes.p.no-vmsub.zxpt.k+.183,1 / 1 / 2 / 2001,52.657444,1.6957122397388067,1.0,4.47213595499958,0.1522067,0.12,0.2,0.2739794,0.25,0.3,0.2015448,0.15,0.25,0.388436,0.0235265,0.1080717,0.006206654503298453,0.013110993030754572,True,0.1,0.85,10.0,10000.0,0.938,0.494
hermes.p.no-vmsub.zxpt.k+.184,1 / 1 / 2 / 2001,52.657444,1.6957122397388067,1.0,4.47213595499958,0.1522067,0.12,0.2,0.2740348,0.25,0.3,0.2988198,0.25,0.35,0.3795978,0.02745374,0.105721,0.006065432644791382,0.013110993030754574,True,0.1,0.85,10.0,10000.0,0.938,0.494
hermes.p.no-vmsub.zxpt.k+.185,1 / 1 / 2 / 2001,52.657444,1.6957122397388067,1.0,4.47213595499958,0.1522067,0.12,0.2,0.2747353,0.25,0.3,0.3993237,0.35,0.45,0.3562341,0.02869617,0.09885197,0.005692113967277676,0.013110993030754567,True,0.1,0.85,10.0,10000.0,0.938,0.494
hermes.p.no-vmsub.zxpt.k+.186,1 / 1 / 2 / 2001,52.657444,1.6957122397388067,1.0,4.47213595499958,0.1522067,0.12,0.2,0.2746035,0.25,0.3,0.5200964,0.45,0.6,0.2352455,0.01915799,0.06551075,0.0037588883161079204,0.00874066202050305,True,0.1,0.85,10.0,10000.0,0.938,0.494
hermes.p.no-vmsub.zxpt.k+.187,1 / 1 / 2 / 2001,52.657444,1.6957122397388067,1.0,4.47213595499958,0.1522067,0.12,0.2,0.2748892,0.25,0.3,0.6823507,0.6,0.8,0.1122293,0.01132643,0.03117165,0.0017932645023814298,0.0065554965153772835,True,0.1,0.85,10.0,10000.0,0.938,0.494
hermes.p.no-vmsub.zxpt.k+.188,1 / 1 / 2 / 2001,52.657444,1.6957122397388067,1.0,4.47213595499958,0.1522067,0.12,0.2,0.2781598,0.25,0.3,0.9027509,0.8,1.2,0.024294,0.005001415,0.006732646,0.0003881835476195116,0.0032777482576886435,True,0.1,0.85,10.0,10000.0,0.938,0.494
hermes.p.no-vmsub.zxpt.k+.189,1 / 1 / 2 / 2001,52.657444,1.6957122397388067,1.0,4.47213595499958,0.1522067,0.12,0.2,0.3343194,0.3,0.375,0.1012211,0.0,0.15,0.1636939,0.007864174,0.05894315,0.002615595571979648,0.0058271080136686965,True,0.1,0.85,10.0,10000.0,0.938,0.494
hermes.p.no-vmsub.zxpt.k+.190,1 / 1 / 2 / 2001,52.657444,1.6957122397388067,1.0,4.47213595499958,0.1522067,0.12,0.2,0.3349015,0.3,0.375,0.2027517,0.15,0.25,0.3298285,0.01480237,0.1188091,0.005270190056640409,0.008740662020503043,True,0.1,0.85,10.0,10000.0,0.938,0.494
hermes.p.no-vmsub.zxpt.k+.191,1 / 1 / 2 / 2001,52.657444,1.6957122397388067,1.0,4.47213595499958,0.1522067,0.12,0.2,0.33741,0.3,0.375,0.3014319,0.25,0.35,0.3296953,0.01768176,0.1189967,0.005268061710195076,0.008740662020503045,True,0.1,0.85,10.0,10000.0,0.938,0.494
hermes.p.no-vmsub.zxpt.k+.192,1 / 1 / 2 / 2001,52.657444,1.6957122397388067,1.0,4.47213595499958,0.1522067,0.12,0.2,0.3364129,0.3,0.375,0.3978864,0.35,0.45,0.3390945,0.01949499,0.1224182,0.005418247550352535,0.00874066202050304,True,0.1,0.85,10.0,10000.0,0.938,0.494
hermes.p.no-vmsub.zxpt.k+.193,1 / 1 / 2 / 2001,52.657444,1.6957122397388067,1.0,4.47213595499958,0.1522067,0.12,0.2,0.336285,0.3,0.375,0.5187082,0.45,0.6,0.2601811,0.01420284,0.09384662,0.004157323718677324,0.0058271080136686965,True,0.1,0.85,10.0,10000.0,0.938,0.494
hermes.p.no-vmsub.zxpt.k+.194,1 / 1 / 2 / 2001,52.657444,1.6957122397388067,1.0,4.47213595499958,0.1522067,0.12,0.2,0.3372323,0.3,0.375,0.6893641,0.6,0.8,0.1016274,0.007875474,0.03661235,0.001623861227765998,0.00437033101025152,True,0.1,0.85,10.0,10000.0,0.938,0.494
hermes.p.no-vmsub.zxpt.k+.195,1 / 1 / 2 / 2001,52.657444,1.6957122397388067,1.0,4.47213595499958,0.1522067,0.12,0.2,0.3392862,0.3,0.375,0.9377652,0.8,1.2,0.02119823,0.002406713,0.007631292,0.00033871754855743634,0.0021851655051257613,True,0.1,0.85,10.0,10000.0,0.938,0.494
hermes.p.no-vmsub.zxpt.k+.196,1 / 1 / 2 / 2001,52.657444,1.6957122397388067,1.0,4.47213595499958,0.1522067,0.12,0.2,0.4182719,0.375,0.475,0.09921915,0.0,0.15,0.09901558,0.005024985,0.03221434,0.0015821280610028633,0.004370331010251524,True,0.1,0.85,10.0,10000.0,0.938,0.494
hermes.p.no-vmsub.zxpt.k+.197,1 / 1 / 2 / 2001,52.657444,1.6957122397388067,1.0,4.47213595499958,0.1522067,0.12,0.2,0.421075,0.375,0.475,0.2038161,0.15,0.25,0.2081633,0.009677261,0.06785697,0.0033261533003286687,0.006555496515377286,True,0.1,0.85,10.0,10000.0,0.938,0.494
hermes.p.no-vmsub.zxpt.k+.198,1 / 1 / 2 / 2001,52.657444,1.6957122397388067,1.0,4.47213595499958,0.1522067,0.12,0.2,0.4224181,0.375,0.475,0.3018526,0.25,0.35,0.2640285,0.01232008,0.02908267,0.004218799695507459,0.006555496515377287,True,0.1,0.85,10.0,10000.0,0.938,0.494
hermes.p.no-vmsub.zxpt.k+.199,1 / 1 / 2 / 2001,52.657444,1.6957122397388067,1.0,4.47213595499958,0.1522067,0.12,0.2,0.4227926,0.375,0.475,0.4007613,0.35,0.45,0.2280153,0.01296827,0.02488853,0.0036433600092832478,0.0065554965153772835,True,0.1,0.85,10.0,10000.0,0.938,0.494
hermes.p.no-vmsub.zxpt.k+.200,1 / 1 / 2 / 2001,52.657444,1.6957122397388067,1.0,4.47213595499958,0.1522067,0.12,0.2,0.4254729,0.375,0.475,0.5227662,0.45,0.6,0.2074396,0.01048576,0.02282888,0.0033145896042138983,0.004370331010251525,True,0.1,0.85,10.0,10000.0,0.938,0.494
hermes.p.no-vmsub.zxpt.k+.201,1 / 1 / 2 / 2001,52.657444,1.6957122397388067,1.0,4.47213595499958,0.1522067,0.12,0.2,0.4253229,0.375,0.475,0.6858896,0.6,0.8,0.0931431,0.005860006,0.01019581,0.0014882941876298236,0.0032777482576886417,True,0.1,0.85,10.0,10000.0,0.938,0.494
hermes.p.no-vmsub.zxpt.k+.202,1 / 1 / 2 / 2001,52.657444,1.6957122397388067,1.0,4.47213595499958,0.1522067,0.12,0.2,0.4277153,0.375,0.475,0.9133147,0.8,1.2,0.01472206,0.001673801,0.001602595,0.0002352375680854247,0.0016388741288443217,True,0.1,0.85,10.0,10000.0,0.938,0.494
hermes.p.no-vmsub.zxpt.k+.203,1 / 1 / 2 / 2001,52.657444,1.6957122397388067,1.0,4.47213595499958,0.1522067,0.12,0.2,0.5311543,0.475,0.6,0.09899191,0.0,0.15,0.05374432,0.003790588,0.00245589,0.0008587577509672458,0.0034962648082012184,True,0.1,0.85,10.0,10000.0,0.938,0.494
hermes.p.no-vmsub.zxpt.k+.204,1 / 1 / 2 / 2001,52.657444,1.6957122397388067,1.0,4.47213595499958,0.1522067,0.12,0.2,0.5300664,0.475,0.6,0.2029444,0.15,0.25,0.1258229,0.007514896,0.03733427,0.002010470885559193,0.005244397212301827,True,0.1,0.85,10.0,10000.0,0.938,0.494
hermes.p.no-vmsub.zxpt.k+.205,1 / 1 / 2 / 2001,52.657444,1.6957122397388067,1.0,4.47213595499958,0.1522067,0.12,0.2,0.5312079,0.475,0.6,0.3016375,0.25,0.35,0.1444344,0.008293433,0.07092614,0.0023078561698483403,0.0052443972123018285,True,0.1,0.85,10.0,10000.0,0.938,0.494
hermes.p.no-vmsub.zxpt.k+.206,1 / 1 / 2 / 2001,52.657444,1.6957122397388067,1.0,4.47213595499958,0.1522067,0.12,0.2,0.5329016,0.475,0.6,0.400196,0.35,0.45,0.1767944,0.009825068,0.08678461,0.0028249229188796812,0.005244397212301825,True,0.1,0.85,10.0,10000.0,0.938,0.494
hermes.p.no-vmsub.zxpt.k+.207,1 / 1 / 2 / 2001,52.657444,1.6957122397388067,1.0,4.47213595499958,0.1522067,0.12,0.2,0.5320909,0.475,0.6,0.5210944,0.45,0.6,0.1506679,0.007703256,0.07399597,0.0024074586290599247,0.003496264808201219,True,0.1,0.85,10.0,10000.0,0.938,0.494
hermes.p.no-vmsub.zxpt.k+.208,1 / 1 / 2 / 2001,52.657444,1.6957122397388067,1.0,4.47213595499958,0.1522067,0.12,0.2,0.5378056,0.475,0.6,0.686002,0.6,0.8,0.1054456,0.006124479,0.05178718,0.0016848706301501595,0.0026221986061509125,True,0.1,0.85,10.0,10000.0,0.938,0.494
hermes.p.no-vmsub.zxpt.k+.209,1 / 1 / 2 / 2001,52.657444,1.6957122397388067,1.0,4.47213595499958,0.1522067,0.12,0.2,0.5352445,0.475,0.6,0.9218162,0.8,1.2,0.02600159,0.00194821,0.01277566,0.000415468405777065,0.0013110993030754571,True,0.1,0.85,10.0,10000.0,0.938,0.494
hermes.p.no-vmsub.zxpt.k+.210,1 / 1 / 2 / 2001,52.657444,1.6957122397388067,1.0,4.47213595499958,0.1522067,0.12,0.2,0.6879178,0.6,0.8,0.1013295,0.0,0.15,0.0267854,0.002408053,0.01312973,0.0004279925741503115,0.0021851655051257604,True,0.1,0.85,10.0,10000.0,0.938,0.494
hermes.p.no-vmsub.zxpt.k+.211,1 / 1 / 2 / 2001,52.657444,1.6957122397388067,1.0,4.47213595499958,0.1522067,0.12,0.2,0.6863647,0.6,0.8,0.2027793,0.15,0.25,0.04631807,0.004274337,0.02271438,0.0007400968441380124,0.003277748257688641,True,0.1,0.85,10.0,10000.0,0.938,0.494
hermes.p.no-vmsub.zxpt.k+.212,1 / 1 / 2 / 2001,52.657444,1.6957122397388067,1.0,4.47213595499958,0.1522067,0.12,0.2,0.6863129,0.6,0.8,0.3008157,0.25,0.35,0.07267424,0.005187947,0.02735455,0.0011612309337182768,0.0032777482576886417,True,0.1,0.85,10.0,10000.0,0.938,0.494
hermes.p.no-vmsub.zxpt.k+.213,1 / 1 / 2 / 2001,52.657444,1.6957122397388067,1.0,4.47213595499958,0.1522067,0.12,0.2,0.6852558,0.6,0.8,0.4009465,0.35,0.45,0.0820081,0.005744153,0.01733993,0.0013103727336599847,0.0032777482576886396,True,0.1,0.85,10.0,10000.0,0.938,0.494
hermes.p.no-vmsub.zxpt.k+.214,1 / 1 / 2 / 2001,52.657444,1.6957122397388067,1.0,4.47213595499958,0.1522067,0.12,0.2,0.6835177,0.6,0.8,0.5212241,0.45,0.6,0.077566,0.004344912,0.005460344,0.0012393942971373605,0.002185165505125761,True,0.1,0.85,10.0,10000.0,0.938,0.494
hermes.p.no-vmsub.zxpt.k+.215,1 / 1 / 2 / 2001,52.657444,1.6957122397388067,1.0,4.47213595499958,0.1522067,0.12,0.2,0.6869675,0.6,0.8,0.6930483,0.6,0.8,0.05952568,0.003400273,0.002008456,0.0009511356564116163,0.0016388741288443198,True,0.1,0.85,10.0,10000.0,0.938,0.494
hermes.p.no-vmsub.zxpt.k+.216,1 / 1 / 2 / 2001,52.657444,1.6957122397388067,1.0,4.47213595499958,0.1522067,0.12,0.2,0.6925363,0.6,0.8,0.9259966,0.8,1.2,0.02127953,0.001395309,0.0007271883,0.0003400166068607815,0.0008194370644221604,True,0.1,0.85,10.0,10000.0,0.938,0.494
hermes.p.no-vmsub.zxpt.k+.217,1 / 1 / 2 / 2001,52.657444,1.6957122397388067,1.0,4.47213595499958,0.1522067,0.12,0.2,0.883366,0.8,1.1,0.09986967,0.0,0.15,0.007874194,0.000994846,0.0002046661,0.00012581841448770363,0.0014567770034171741,True,0.1,0.85,10.0,10000.0,0.938,0.494
hermes.p.no-vmsub.zxpt.k+.218,1 / 1 / 2 / 2001,52.657444,1.6957122397388067,1.0,4.47213595499958,0.1522067,0.12,0.2,0.8815452,0.8,1.1,0.2059832,0.15,0.25,0.01928965,0.002081427,0.0005309294,0.0003082211562253524,0.002185165505125761,True,0.1,0.85,10.0,10000.0,0.938,0.494
hermes.p.no-vmsub.zxpt.k+.219,1 / 1 / 2 / 2001,52.657444,1.6957122397388067,1.0,4.47213595499958,0.1522067,0.12,0.2,0.8723504,0.8,1.1,0.2995155,0.25,0.35,0.02091902,0.002441372,0.007863282,0.0003342561700964648,0.0021851655051257613,True,0.1,0.85,10.0,10000.0,0.938,0.494
hermes.p.no-vmsub.zxpt.k+.220,1 / 1 / 2 / 2001,52.657444,1.6957122397388067,1.0,4.47213595499958,0.1522067,0.12,0.2,0.8739573,0.8,1.1,0.3993591,0.35,0.45,0.02182696,0.002270823,0.004605961,0.0003487637592224078,0.00218516550512576,True,0.1,0.85,10.0,10000.0,0.938,0.494
hermes.p.no-vmsub.zxpt.k+.221,1 / 1 / 2 / 2001,52.657444,1.6957122397388067,1.0,4.47213595499958,0.1522067,0.12,0.2,0.8795219,0.8,1.1,0.5189258,0.45,0.6,0.02091699,0.001725142,0.001507206,0.00033422373358532343,0.0014567770034171741,True,0.1,0.85,10.0,10000.0,0.938,0.494
hermes.p.no-vmsub.zxpt.k+.222,1 / 1 / 2 / 2001,52.657444,1.6957122397388067,1.0,4.47213595499958,0.1522067,0.12,0.2,0.862792,0.8,1.1,0.6894685,0.6,0.8,0.01278248,0.001139595,0.0004628613,0.0002042458398689164,0.00109258275256288,True,0.1,0.85,10.0,10000.0,0.938,0.494
hermes.p.no-vmsub.zxpt.k+.223,1 / 1 / 2 / 2001,52.657444,1.6957122397388067,1.0,4.47213595499958,0.1522067,0.12,0.2,0.8480277,0.8,1.1,0.936207,0.8,1.2,0.003786275,0.000438844,0.0001373765,6.0499286316089006e-05,0.0005462913762814403,True,0.1,0.85,10.0,10000.0,0.938,0.494
hermes.p.no-vmsub.zxpt.k+.224,1 / 1 / 2 / 2001,52.657444,2.2893820126837725,1.0,4.47213595499958,0.2538812,0.2,0.35,0.1437947,0.1,0.2,0.1023178,0.0,0.15,0.4108407,0.03896886,0.02507656,0.005959578541247006,0.0092609994036197,True,0.1,0.85,10.0,10000.0,0.938,0.494
hermes.p.no-vmsub.zxpt.k+.225,1 / 1 / 2 / 2001,52.657444,2.2893820126837725,1.0,4.47213595499958,0.2538812,0.2,0.35,0.1443379,0.1,0.2,0.1989467,0.15,0.25,0.7997969,0.08289126,0.3247425,0.011601704608613211,0.013891499105429549,True,0.1,0.85,10.0,10000.0,0.938,0.494
hermes.p.no-vmsub.zxpt.k+.226,1 / 1 / 2 / 2001,52.657444,2.2893820126837725,1.0,4.47213595499958,0.2538812,0.2,0.35,0.1450747,0.1,0.2,0.2998243,0.25,0.35,0.6375831,0.09714779,0.1293617,0.009248661490990897,0.01389149910542955,True,0.1,0.85,10.0,10000.0,0.938,0.494
hermes.p.no-vmsub.zxpt.k+.227,1 / 1 / 2 / 2001,52.657444,2.2893820126837725,1.0,4.47213595499958,0.2538812,0.2,0.35,0.1435778,0.1,0.2,0.4020373,0.35,0.45,0.6720864,0.1009397,0.04804287,0.009749159923308357,0.013891499105429543,True,0.1,0.85,10.0,10000.0,0.938,0.494
hermes.p.no-vmsub.zxpt.k+.228,1 / 1 / 2 / 2001,52.657444,2.2893820126837725,1.0,4.47213595499958,0.2538812,0.2,0.35,0.1450152,0.1,0.2,0.5066489,0.45,0.6,0.5060502,0.08018475,0.05208362,0.007340669784453574,0.0092609994036197,True,0.1,0.85,10.0,10000.0,0.938,0.494
hermes.p.no-vmsub.zxpt.k+.229,1 / 1 / 2 / 2001,52.657444,2.2893820126837725,1.0,4.47213595499958,0.2538812,0.2,0.35,0.1458322,0.1,0.2,0.6501616,0.6,0.8,0.1703555,0.06408276,0.03171319,0.002471145098777712,0.006945749552714772,True,0.1,0.85,10.0,10000.0,0.938,0.494
hermes.p.no-vmsub.zxpt.k+.230,1 / 1 / 2 / 2001,52.657444,2.289612412614851,1.0,4.47213595499958,0.2539186,0.2,0.35,0.1694039,0.1,0.2,0.9249346,0.8,1.2,0.07208163,0.05897428,0.01297719,0.0010456026760885821,0.0034728747763573876,True,0.1,0.85,10.0,10000.0,0.938,0.494
hermes.p.no-vmsub.zxpt.k+.231,1 / 1 / 2 / 2001,52.657444,2.2893820126837725,1.0,4.47213595499958,0.2538812,0.2,0.35,0.2252973,0.2,0.25,0.1026842,0.0,0.15,0.2379053,0.02532014,0.07605395,0.00345100989441633,0.018521998807239405,True,0.1,0.85,10.0,10000.0,0.938,0.494
hermes.p.no-vmsub.zxpt.k+.232,1 / 1 / 2 / 2001,52.657444,2.2893820126837725,1.0,4.47213595499958,0.2538812,0.2,0.35,0.2249337,0.2,0.25,0.1991844,0.15,0.25,0.5002541,0.04744997,0.04770677,0.007256592639265862,0.027782998210859108,True,0.1,0.85,10.0,10000.0,0.938,0.494
hermes.p.no-vmsub.zxpt.k+.233,1 / 1 / 2 / 2001,52.657444,2.2893820126837725,1.0,4.47213595499958,0.2538812,0.2,0.35,0.2260833,0.2,0.25,0.3035683,0.25,0.35,0.6022588,0.06369971,0.08526266,0.00873625378585221,0.02778299821085911,True,0.1,0.85,10.0,10000.0,0.938,0.494
hermes.p.no-vmsub.zxpt.k+.234,1 / 1 / 2 / 2001,52.657444,2.2893820126837725,1.0,4.47213595499958,0.2538812,0.2,0.35,0.2262409,0.2,0.25,0.403461,0.35,0.45,0.567971,0.0714341,0.1673504,0.008238881356327655,0.027782998210859094,True,0.1,0.85,10.0,10000.0,0.938,0.494
hermes.p.no-vmsub.zxpt.k+.235,1 / 1 / 2 / 2001,52.657444,2.2893820126837725,1.0,4.47213595499958,0.2538812,0.2,0.35,0.223831,0.2,0.25,0.5220581,0.45,0.6,0.2933623,0.04586787,0.1228558,0.0042554587894793935,0.01852199880723941,True,0.1,0.85,10.0,10000.0,0.938,0.494
hermes.p.no-vmsub.zxpt.k+.236,1 / 1 / 2 / 2001,52.657444,2.2893820126837725,1.0,4.47213595499958,0.2538812,0.2,0.35,0.2263377,0.2,0.25,0.6826766,0.6,0.8,0.1373359,0.03347456,0.05732496,0.001992168941837663,0.013891499105429547,True,0.1,0.85,10.0,10000.0,0.938,0.494
hermes.p.no-vmsub.zxpt.k+.237,1 / 1 / 2 / 2001,52.657444,2.289612412614851,1.0,4.47213595499958,0.2539186,0.2,0.35,0.2196245,0.2,0.25,0.8551075,0.8,1.2,0.0758454,0.02360109,0.03155917,0.0011001992214799937,0.006945749552714778,True,0.1,0.85,10.0,10000.0,0.938,0.494
hermes.p.no-vmsub.zxpt.k+.238,1 / 1 / 2 / 2001,52.657444,2.2893820126837725,1.0,4.47213595499958,0.2538812,0.2,0.35,0.2720791,0.25,0.3,0.1014189,0.0,0.15,0.2639829,0.02244031,0.05409362,0.0038292866945659337,0.018521998807239405,True,0.1,0.85,10.0,10000.0,0.938,0.494
hermes.p.no-vmsub.zxpt.k+.239,1 / 1 / 2 / 2001,52.657444,2.2893820126837725,1.0,4.47213595499958,0.2538812,0.2,0.35,0.2747356,0.25,0.3,0.1995589,0.15,0.25,0.3745026,0.03762002,0.02307414,0.0054324648424589166,0.027782998210859108,True,0.1,0.85,10.0,10000.0,0.938,0.494
hermes.p.no-vmsub.zxpt.k+.240,1 / 1 / 2 / 2001,52.657444,2.2893820126837725,1.0,4.47213595499958,0.2538812,0.2,0.35,0.2742595,0.25,0.3,0.2999683,0.25,0.35,0.5329113,0.04929874,0.1335216,0.007730311889420998,0.02778299821085911,True,0.1,0.85,10.0,10000.0,0.938,0.494
hermes.p.no-vmsub.zxpt.k+.241,1 / 1 / 2 / 2001,52.657444,2.2893820126837725,1.0,4.47213595499958,0.2538812,0.2,0.35,0.2744317,0.25,0.3,0.3929494,0.35,0.45,0.3684552,0.05136802,0.1466879,0.005344742386357714,0.027782998210859094,True,0.1,0.85,10.0,10000.0,0.938,0.494
hermes.p.no-vmsub.zxpt.k+.242,1 / 1 / 2 / 2001,52.657444,2.2893820126837725,1.0,4.47213595499958,0.2538812,0.2,0.35,0.2731147,0.25,0.3,0.5203499,0.45,0.6,0.3346898,0.04007928,0.1333423,0.004854947793765934,0.01852199880723941,True,0.1,0.85,10.0,10000.0,0.938,0.494
hermes.p.no-vmsub.zxpt.k+.243,1 / 1 / 2 / 2001,52.657444,2.2893820126837725,1.0,4.47213595499958,0.2538812,0.2,0.35,0.2738433,0.25,0.3,0.682769,0.6,0.8,0.1727064,0.0254213,0.06876041,0.002505246815556545,0.013891499105429547,True,0.1,0.85,10.0,10000.0,0.938,0.494
hermes.p.no-vmsub.zxpt.k+.244,1 / 1 / 2 / 2001,52.657444,2.2893820126837725,1.0,4.47213595499958,0.2538812,0.2,0.35,0.2764263,0.25,0.3,0.9086717,0.8,1.2,0.02799967,0.01089421,0.0112485,0.00040615798895775795,0.006945749552714778,True,0.1,0.85,10.0,10000.0,0.938,0.494
hermes.p.no-vmsub.zxpt.k+.245,1 / 1 / 2 / 2001,52.657444,2.2893820126837725,1.0,4.47213595499958,0.2538812,0.2,0.35,0.3341519,0.3,0.375,0.1004783,0.0,0.15,0.1778743,0.01299502,0.02250861,0.002580211408751208,0.012347999204826265,True,0.1,0.85,10.0,10000.0,0.938,0.494
hermes.p.no-vmsub.zxpt.k+.246,1 / 1 / 2 / 2001,52.657444,2.2893820126837725,1.0,4.47213595499958,0.2538812,0.2,0.35,0.3356642,0.3,0.375,0.2032124,0.15,0.25,0.3352766,0.02499582,0.04504789,0.0048634598050832254,0.018521998807239395,True,0.1,0.85,10.0,10000.0,0.938,0.494
hermes.p.no-vmsub.zxpt.k+.247,1 / 1 / 2 / 2001,52.657444,2.2893820126837725,1.0,4.47213595499958,0.2538812,0.2,0.35,0.3356371,0.3,0.375,0.3016107,0.25,0.35,0.3819355,0.02909898,0.1262363,0.005540285103059277,0.0185219988072394,True,0.1,0.85,10.0,10000.0,0.938,0.494
hermes.p.no-vmsub.zxpt.k+.248,1 / 1 / 2 / 2001,52.657444,2.2893820126837725,1.0,4.47213595499958,0.2538812,0.2,0.35,0.3402361,0.3,0.375,0.4014513,0.35,0.45,0.3169898,0.03226811,0.1552805,0.004598194896158487,0.018521998807239388,True,0.1,0.85,10.0,10000.0,0.938,0.494
hermes.p.no-vmsub.zxpt.k+.249,1 / 1 / 2 / 2001,52.657444,2.2893820126837725,1.0,4.47213595499958,0.2538812,0.2,0.35,0.3357206,0.3,0.375,0.5184232,0.45,0.6,0.2519405,0.02474666,0.1234698,0.0036546018869869547,0.012347999204826265,True,0.1,0.85,10.0,10000.0,0.938,0.494
hermes.p.no-vmsub.zxpt.k+.250,1 / 1 / 2 / 2001,52.657444,2.2893820126837725,1.0,4.47213595499958,0.2538812,0.2,0.35,0.3358111,0.3,0.375,0.6797716,0.6,0.8,0.1232891,0.01627311,0.06046188,0.0017884086818313186,0.009260999403619694,True,0.1,0.85,10.0,10000.0,0.938,0.494
hermes.p.no-vmsub.zxpt.k+.251,1 / 1 / 2 / 2001,52.657444,2.2893820126837725,1.0,4.47213595499958,0.2538812,0.2,0.35,0.3417762,0.3,0.375,0.9205829,0.8,1.2,0.01829496,0.004812125,0.008964426,0.00026538327636227936,0.00463049970180985,True,0.1,0.85,10.0,10000.0,0.938,0.494
hermes.p.no-vmsub.zxpt.k+.252,1 / 1 / 2 / 2001,52.657444,2.2893820126837725,1.0,4.47213595499958,0.2538812,0.2,0.35,0.4214508,0.375,0.475,0.1008762,0.0,0.15,0.09907241,0.0084922,0.0155157,0.00143712589494085,0.009260999403619703,True,0.1,0.85,10.0,10000.0,0.938,0.494
hermes.p.no-vmsub.zxpt.k+.253,1 / 1 / 2 / 2001,52.657444,2.2893820126837725,1.0,4.47213595499958,0.2538812,0.2,0.35,0.4180506,0.375,0.475,0.2046073,0.15,0.25,0.2332789,0.01680731,0.02524781,0.0033839001991908453,0.013891499105429554,True,0.1,0.85,10.0,10000.0,0.938,0.494
hermes.p.no-vmsub.zxpt.k+.254,1 / 1 / 2 / 2001,52.657444,2.2893820126837725,1.0,4.47213595499958,0.2538812,0.2,0.35,0.4220576,0.375,0.475,0.3005481,0.25,0.35,0.2545678,0.01979319,0.07477114,0.003692713010596223,0.013891499105429556,True,0.1,0.85,10.0,10000.0,0.938,0.494
hermes.p.no-vmsub.zxpt.k+.255,1 / 1 / 2 / 2001,52.657444,2.2893820126837725,1.0,4.47213595499958,0.2538812,0.2,0.35,0.4190896,0.375,0.475,0.3969755,0.35,0.45,0.2374702,0.02066693,0.1070737,0.003444698414995483,0.013891499105429547,True,0.1,0.85,10.0,10000.0,0.938,0.494
hermes.p.no-vmsub.zxpt.k+.256,1 / 1 / 2 / 2001,52.657444,2.2893820126837725,1.0,4.47213595499958,0.2538812,0.2,0.35,0.4226055,0.375,0.475,0.5211949,0.45,0.6,0.2256699,0.01724448,0.1018086,0.003273525464846491,0.009260999403619704,True,0.1,0.85,10.0,10000.0,0.938,0.494
hermes.p.no-vmsub.zxpt.k+.257,1 / 1 / 2 / 2001,52.657444,2.2893820126837725,1.0,4.47213595499958,0.2538812,0.2,0.35,0.4267735,0.375,0.475,0.6779072,0.6,0.8,0.09657535,0.01133153,0.04353915,0.001400904008471943,0.0069457495527147734,True,0.1,0.85,10.0,10000.0,0.938,0.494
hermes.p.no-vmsub.zxpt.k+.258,1 / 1 / 2 / 2001,52.657444,2.2893820126837725,1.0,4.47213595499958,0.2538812,0.2,0.35,0.4231946,0.375,0.475,0.9139519,0.8,1.2,0.02391218,0.004017755,0.01078191,0.00034686562164468085,0.003472874776357389,True,0.1,0.85,10.0,10000.0,0.938,0.494
hermes.p.no-vmsub.zxpt.k+.259,1 / 1 / 2 / 2001,52.657444,2.2893820126837725,1.0,4.47213595499958,0.2538812,0.2,0.35,0.5332774,0.475,0.6,0.09985922,0.0,0.15,0.06083261,0.0066148,0.02729537,0.0008824264907640553,0.0074087995228957594,True,0.1,0.85,10.0,10000.0,0.938,0.494
hermes.p.no-vmsub.zxpt.k+.260,1 / 1 / 2 / 2001,52.657444,2.2893820126837725,1.0,4.47213595499958,0.2538812,0.2,0.35,0.5329994,0.475,0.6,0.2045055,0.15,0.25,0.1501691,0.01311867,0.02898519,0.002178324946672459,0.01111319928434364,True,0.1,0.85,10.0,10000.0,0.938,0.494
hermes.p.no-vmsub.zxpt.k+.261,1 / 1 / 2 / 2001,52.657444,2.2893820126837725,1.0,4.47213595499958,0.2538812,0.2,0.35,0.5338856,0.475,0.6,0.2991692,0.25,0.35,0.1641543,0.01518558,0.005822063,0.002381191648571876,0.011113199284343641,True,0.1,0.85,10.0,10000.0,0.938,0.494
hermes.p.no-vmsub.zxpt.k+.262,1 / 1 / 2 / 2001,52.657444,2.2893820126837725,1.0,4.47213595499958,0.2538812,0.2,0.35,0.5337226,0.475,0.6,0.402085,0.35,0.45,0.1646964,0.01529195,0.02695567,0.002389055250029107,0.011113199284343636,True,0.1,0.85,10.0,10000.0,0.938,0.494
hermes.p.no-vmsub.zxpt.k+.263,1 / 1 / 2 / 2001,52.657444,2.2893820126837725,1.0,4.47213595499958,0.2538812,0.2,0.35,0.5352049,0.475,0.6,0.5257154,0.45,0.6,0.1377121,0.01147011,0.04023512,0.001997626028847828,0.007408799522895761,True,0.1,0.85,10.0,10000.0,0.938,0.494
hermes.p.no-vmsub.zxpt.k+.264,1 / 1 / 2 / 2001,52.657444,2.2893820126837725,1.0,4.47213595499958,0.2538812,0.2,0.35,0.5372665,0.475,0.6,0.6916922,0.6,0.8,0.1101967,0.00949111,0.0398409,0.0015984927701569826,0.005556599642171818,True,0.1,0.85,10.0,10000.0,0.938,0.494
hermes.p.no-vmsub.zxpt.k+.265,1 / 1 / 2 / 2001,52.657444,2.2893820126837725,1.0,4.47213595499958,0.2538812,0.2,0.35,0.5392603,0.475,0.6,0.9172528,0.8,1.2,0.02453817,0.003490025,0.008880457,0.0003559461157900643,0.0027782998210859103,True,0.1,0.85,10.0,10000.0,0.938,0.494
hermes.p.no-vmsub.zxpt.k+.266,1 / 1 / 2 / 2001,52.657444,2.2893820126837725,1.0,4.47213595499958,0.2538812,0.2,0.35,0.6909407,0.6,0.8,0.1036548,0.0,0.15,0.02854524,0.004355935,0.01030931,0.00041407192558757123,0.004630499701809848,True,0.1,0.85,10.0,10000.0,0.938,0.494
hermes.p.no-vmsub.zxpt.k+.267,1 / 1 / 2 / 2001,52.657444,2.2893820126837725,1.0,4.47213595499958,0.2538812,0.2,0.35,0.6869913,0.6,0.8,0.202875,0.15,0.25,0.05806451,0.007995433,0.02099963,0.0008422729486246669,0.006945749552714773,True,0.1,0.85,10.0,10000.0,0.938,0.494
hermes.p.no-vmsub.zxpt.k+.268,1 / 1 / 2 / 2001,52.657444,2.2893820126837725,1.0,4.47213595499958,0.2538812,0.2,0.35,0.6864178,0.6,0.8,0.3003369,0.25,0.35,0.08868209,0.009641152,0.03213049,0.0012864058516036403,0.0069457495527147734,True,0.1,0.85,10.0,10000.0,0.938,0.494
hermes.p.no-vmsub.zxpt.k+.269,1 / 1 / 2 / 2001,52.657444,2.2893820126837725,1.0,4.47213595499958,0.2538812,0.2,0.35,0.6852065,0.6,0.8,0.4009028,0.35,0.45,0.08133673,0.01024007,0.02946606,0.001179855429910429,0.00694574955271477,True,0.1,0.85,10.0,10000.0,0.938,0.494
hermes.p.no-vmsub.zxpt.k+.270,1 / 1 / 2 / 2001,52.657444,2.2893820126837725,1.0,4.47213595499958,0.2538812,0.2,0.35,0.6855931,0.6,0.8,0.5247526,0.45,0.6,0.0675547,0.006534625,0.02443226,0.000979935874124397,0.004630499701809849,True,0.1,0.85,10.0,10000.0,0.938,0.494
hermes.p.no-vmsub.zxpt.k+.271,1 / 1 / 2 / 2001,52.657444,2.2893820126837725,1.0,4.47213595499958,0.2538812,0.2,0.35,0.6875671,0.6,0.8,0.6879723,0.6,0.8,0.05296182,0.004767411,0.02596024,0.0007682542795233932,0.003472874776357385,True,0.1,0.85,10.0,10000.0,0.938,0.494
hermes.p.no-vmsub.zxpt.k+.272,1 / 1 / 2 / 2001,52.657444,2.2893820126837725,1.0,4.47213595499958,0.2538812,0.2,0.35,0.6937561,0.6,0.8,0.9413477,0.8,1.2,0.01927896,0.002278872,0.009449726,0.0002796569967716426,0.0017364373881786934,True,0.1,0.85,10.0,10000.0,0.938,0.494
hermes.p.no-vmsub.zxpt.k+.273,1 / 1 / 2 / 2001,52.657444,2.2893820126837725,1.0,4.47213595499958,0.2538812,0.2,0.35,0.8784745,0.8,1.1,0.1016114,0.0,0.15,0.007478913,0.001623399,0.003659797,0.00010848771659344672,0.0030869998012065664,True,0.1,0.85,10.0,10000.0,0.938,0.494
hermes.p.no-vmsub.zxpt.k+.274,1 / 1 / 2 / 2001,52.657444,2.2893820126837725,1.0,4.47213595499958,0.2538812,0.2,0.35,0.8772753,0.8,1.1,0.2007746,0.15,0.25,0.0160875,0.003289682,0.007874737,0.0002333622734610062,0.004630499701809849,True,0.1,0.85,10.0,10000.0,0.938,0.494
hermes.p.no-vmsub.zxpt.k+.275,1 / 1 / 2 / 2001,52.657444,2.2893820126837725,1.0,4.47213595499958,0.2538812,0.2,0.35,0.8697765,0.8,1.1,0.3043945,0.25,0.35,0.02173805,0.003655927,0.01065092,0.00031532809750483453,0.00463049970180985,True,0.1,0.85,10.0,10000.0,0.938,0.494
hermes.p.no-vmsub.zxpt.k+.276,1 / 1 / 2 / 2001,52.657444,2.2893820126837725,1.0,4.47213595499958,0.2538812,0.2,0.35,0.874697,0.8,1.1,0.3993641,0.35,0.45,0.02161793,0.003913302,0.01059538,0.0003135856591963257,0.004630499701809847,True,0.1,0.85,10.0,10000.0,0.938,0.494
hermes.p.no-vmsub.zxpt.k+.277,1 / 1 / 2 / 2001,52.657444,2.2893820126837725,1.0,4.47213595499958,0.2538812,0.2,0.35,0.875357,0.8,1.1,0.5164439,0.45,0.6,0.01725137,0.002763931,0.008452902,0.00025024515453097115,0.0030869998012065664,True,0.1,0.85,10.0,10000.0,0.938,0.494
hermes.p.no-vmsub.zxpt.k+.278,1 / 1 / 2 / 2001,52.657444,2.2893820126837725,1.0,4.47213595499958,0.2538812,0.2,0.35,0.8639669,0.8,1.1,0.6839368,0.6,0.8,0.0146087,0.001841291,0.007157073,0.00021191107656937382,0.0023152498509049235,True,0.1,0.85,10.0,10000.0,0.938,0.494
hermes.p.no-vmsub.zxpt.k+.279,1 / 1 / 2 / 2001,52.657444,2.2893820126837725,1.0,4.47213595499958,0.2538812,0.2,0.35,0.8527078,0.8,1.1,0.9090728,0.8,1.2,0.004263038,0.0006982533,0.002089079,6.183883384805973e-05,0.0011576249254524626,True,0.1,0.85,10.0,10000.0,0.938,0.494
hermes.p.no-vmsub.zxpt.k+.280,1 / 1 / 2 / 2001,52.657444,3.035335072113127,1.0,4.47213595499958,0.4100563,0.35,0.6,0.1431485,0.1,0.2,0.1081972,0.0,0.15,0.4676169,0.152384,0.2318139,0.0069612881845564295,0.049253368676762645,True,0.1,0.85,10.0,10000.0,0.938,0.494
hermes.p.no-vmsub.zxpt.k+.281,1 / 1 / 2 / 2001,52.657444,3.035335072113127,1.0,4.47213595499958,0.4100563,0.35,0.6,0.1468391,0.1,0.2,0.2007674,0.15,0.25,1.716965,0.4531418,0.6952489,0.025560000435820282,0.07388005301514397,True,0.1,0.85,10.0,10000.0,0.938,0.494
hermes.p.no-vmsub.zxpt.k+.282,1 / 1 / 2 / 2001,52.657444,3.0361233505903544,1.0,4.47213595499958,0.4101289,0.35,0.6,0.1451699,0.1,0.2,0.2934644,0.25,0.35,1.129074,0.6424094,0.4607245,0.016808223773969386,0.07388005301514397,True,0.1,0.85,10.0,10000.0,0.938,0.494
hermes.p.no-vmsub.zxpt.k+.283,1 / 1 / 2 / 2001,52.657444,3.0352512251871344,1.0,4.47213595499958,0.409992,0.35,0.6,0.1421955,0.1,0.2,0.3865295,0.35,0.45,0.5925474,0.4180907,0.04680277,0.008821095247861298,0.07388005301514393,True,0.1,0.85,10.0,10000.0,0.938,0.494
hermes.p.no-vmsub.zxpt.k+.284,1 / 1 / 2 / 2001,52.657444,3.0352512251871344,1.0,4.47213595499958,0.409992,0.35,0.6,0.1464394,0.1,0.2,0.5558683,0.45,0.6,0.4744242,0.2904572,0.1425367,0.007062626645717117,0.049253368676762645,True,0.1,0.85,10.0,10000.0,0.938,0.494
hermes.p.no-vmsub.zxpt.k+.285,1 / 1 / 2 / 2001,52.657444,3.0352512251871344,1.0,4.47213595499958,0.409992,0.35,0.6,0.1524672,0.1,0.2,0.6685417,0.6,0.8,0.4701415,0.2999281,0.0906245,0.006998871232026979,0.036940026507571964,True,0.1,0.85,10.0,10000.0,0.938,0.494
hermes.p.no-vmsub.zxpt.k+.287,1 / 1 / 2 / 2001,52.657444,3.035335072113127,1.0,4.47213595499958,0.4100563,0.35,0.6,0.2259272,0.2,0.25,0.1129254,0.0,0.15,0.07293141,0.0684938,0.02730669,0.001085710466657729,0.09850673735352532,True,0.1,0.85,10.0,10000.0,0.938,0.494
hermes.p.no-vmsub.zxpt.k+.288,1 / 1 / 2 / 2001,52.657444,3.035335072113127,1.0,4.47213595499958,0.4100563,0.35,0.6,0.223122,0.2,0.25,0.2071018,0.15,0.25,0.5832412,0.1751139,0.05905684,0.00868255632828179,0.14776010603028797,True,0.1,0.85,10.0,10000.0,0.938,0.494
hermes.p.no-vmsub.zxpt.k+.289,1 / 1 / 2 / 2001,52.657444,3.035335072113127,1.0,4.47213595499958,0.4100563,0.35,0.6,0.2215738,0.2,0.25,0.3042877,0.25,0.35,0.5353389,0.2152152,0.08533308,0.007969447552694173,0.147760106030288,True,0.1,0.85,10.0,10000.0,0.938,0.494
hermes.p.no-vmsub.zxpt.k+.290,1 / 1 / 2 / 2001,52.657444,3.03616023951306,1.0,4.47213595499958,0.4100285,0.35,0.6,0.2262617,0.2,0.25,0.4105813,0.35,0.45,0.4449015,0.2973213,0.1364467,0.0066231300777226665,0.1477601060302879,True,0.1,0.85,10.0,10000.0,0.938,0.494
hermes.p.no-vmsub.zxpt.k+.291,1 / 1 / 2 / 2001,52.657444,3.0359706849704593,1.0,4.47213595499958,0.410544,0.35,0.6,0.2190231,0.2,0.25,0.5122876,0.45,0.6,0.9467804,0.6328798,0.2903678,0.01409446752649361,0.09850673735352533,True,0.1,0.85,10.0,10000.0,0.938,0.494
hermes.p.no-vmsub.zxpt.k+.292,1 / 1 / 2 / 2001,52.657444,3.035335072113127,1.0,4.47213595499958,0.4100563,0.35,0.6,0.2229191,0.2,0.25,0.6872502,0.6,0.8,0.2537863,0.1048783,0.09031485,0.003778049021736155,0.07388005301514396,True,0.1,0.85,10.0,10000.0,0.938,0.494
hermes.p.no-vmsub.zxpt.k+.294,1 / 1 / 2 / 2001,52.657444,3.035335072113127,1.0,4.47213595499958,0.4100563,0.35,0.6,0.2731918,0.25,0.3,0.1028783,0.0,0.15,0.3657759,0.07988476,0.07477087,0.0054452083550990005,0.09850673735352532,True,0.1,0.85,10.0,10000.0,0.938,0.494
hermes.p.no-vmsub.zxpt.k+.295,1 / 1 / 2 / 2001,52.657444,3.035335072113127,1.0,4.47213595499958,0.4100563,0.35,0.6,0.2710006,0.25,0.3,0.1973731,0.15,0.25,0.4649423,0.1350429,0.03336406,0.006921472127056337,0.14776010603028797,True,0.1,0.85,10.0,10000.0,0.938,0.494
hermes.p.no-vmsub.zxpt.k+.296,1 / 1 / 2 / 2001,52.657444,3.035335072113127,1.0,4.47213595499958,0.4100563,0.35,0.6,0.2735955,0.25,0.3,0.2981091,0.25,0.35,0.5596907,0.1572358,0.1419475,0.008331966310276889,0.147760106030288,True,0.1,0.85,10.0,10000.0,0.938,0.494
hermes.p.no-vmsub.zxpt.k+.297,1 / 1 / 2 / 2001,52.657444,3.035335072113127,1.0,4.47213595499958,0.4100563,0.35,0.6,0.2794072,0.25,0.3,0.3978377,0.35,0.45,0.390143,0.1805033,0.1598565,0.005807954879704731,0.1477601060302879,True,0.1,0.85,10.0,10000.0,0.938,0.494
hermes.p.no-vmsub.zxpt.k+.298,1 / 1 / 2 / 2001,52.657444,3.035335072113127,1.0,4.47213595499958,0.4100563,0.35,0.6,0.2628606,0.25,0.3,0.510447,0.45,0.6,0.1657095,0.1206922,0.06720726,0.0024668731699362314,0.09850673735352533,True,0.1,0.85,10.0,10000.0,0.938,0.494
hermes.p.no-vmsub.zxpt.k+.299,1 / 1 / 2 / 2001,52.657444,3.0352512251871344,1.0,4.47213595499958,0.409992,0.35,0.6,0.2786823,0.25,0.3,0.7386693,0.6,0.8,0.05024317,0.06580749,0.02169632,0.0007479566835066483,0.07388005301514396,True,0.1,0.85,10.0,10000.0,0.938,0.494
hermes.p.no-vmsub.zxpt.k+.300,1 / 1 / 2 / 2001,52.657444,3.0361233505903544,1.0,4.47213595499958,0.4101289,0.35,0.6,0.2581533,0.25,0.3,0.8948438,0.8,1.2,0.02373151,0.03340582,0.0101461,0.00035328466564121775,0.036940026507572,True,0.1,0.85,10.0,10000.0,0.938,0.494
hermes.p.no-vmsub.zxpt.k+.301,1 / 1 / 2 / 2001,52.657444,3.035335072113127,1.0,4.47213595499958,0.4100563,0.35,0.6,0.3315181,0.3,0.375,0.1047192,0.0,0.15,0.1387726,0.04279775,0.01763124,0.002065870717504383,0.06567115823568352,True,0.1,0.85,10.0,10000.0,0.938,0.494
hermes.p.no-vmsub.zxpt.k+.302,1 / 1 / 2 / 2001,52.657444,3.035335072113127,1.0,4.47213595499958,0.4100563,0.35,0.6,0.3359367,0.3,0.375,0.2038873,0.15,0.25,0.4342941,0.08569335,0.05799909,0.0064652205404735555,0.09850673735352528,True,0.1,0.85,10.0,10000.0,0.938,0.494
hermes.p.no-vmsub.zxpt.k+.303,1 / 1 / 2 / 2001,52.657444,3.035335072113127,1.0,4.47213595499958,0.4100563,0.35,0.6,0.3319157,0.3,0.375,0.2997725,0.25,0.35,0.3995714,0.1010157,0.1319399,0.005948312958121639,0.09850673735352529,True,0.1,0.85,10.0,10000.0,0.938,0.494
hermes.p.no-vmsub.zxpt.k+.304,1 / 1 / 2 / 2001,52.657444,3.035335072113127,1.0,4.47213595499958,0.4100563,0.35,0.6,0.3360682,0.3,0.375,0.3966583,0.35,0.45,0.3763444,0.1217132,0.1844766,0.0056025387984137845,0.09850673735352523,True,0.1,0.85,10.0,10000.0,0.938,0.494
hermes.p.no-vmsub.zxpt.k+.305,1 / 1 / 2 / 2001,52.657444,3.035335072113127,1.0,4.47213595499958,0.4100563,0.35,0.6,0.3348421,0.3,0.375,0.5142346,0.45,0.6,0.2989334,0.08408391,0.1468156,0.00445014186910114,0.06567115823568352,True,0.1,0.85,10.0,10000.0,0.938,0.494
hermes.p.no-vmsub.zxpt.k+.306,1 / 1 / 2 / 2001,52.657444,3.0352512251871344,1.0,4.47213595499958,0.409992,0.35,0.6,0.3320338,0.3,0.375,0.6997799,0.6,0.8,0.1792521,0.0702302,0.08792278,0.0026684782474434253,0.04925336867676262,True,0.1,0.85,10.0,10000.0,0.938,0.494
hermes.p.no-vmsub.zxpt.k+.307,1 / 1 / 2 / 2001,52.657444,3.035335072113127,1.0,4.47213595499958,0.4100563,0.35,0.6,0.3453713,0.3,0.375,0.8653902,0.8,1.2,0.04899211,0.02390798,0.02400917,0.000729332486656254,0.024626684338381322,True,0.1,0.85,10.0,10000.0,0.938,0.494
hermes.p.no-vmsub.zxpt.k+.308,1 / 1 / 2 / 2001,52.657444,3.035335072113127,1.0,4.47213595499958,0.4100563,0.35,0.6,0.4333586,0.375,0.475,0.1017351,0.0,0.15,0.1270848,0.03158414,0.01982016,0.001891877553349156,0.04925336867676266,True,0.1,0.85,10.0,10000.0,0.938,0.494
hermes.p.no-vmsub.zxpt.k+.309,1 / 1 / 2 / 2001,52.657444,3.035335072113127,1.0,4.47213595499958,0.4100563,0.35,0.6,0.4233129,0.375,0.475,0.2081213,0.15,0.25,0.2580644,0.06200682,0.02764314,0.0038417359564520536,0.07388005301514398,True,0.1,0.85,10.0,10000.0,0.938,0.494
hermes.p.no-vmsub.zxpt.k+.310,1 / 1 / 2 / 2001,52.657444,3.035335072113127,1.0,4.47213595499958,0.4100563,0.35,0.6,0.420144,0.375,0.475,0.3002269,0.25,0.35,0.3676219,0.07677436,0.1079445,0.005472689265195901,0.073880053015144,True,0.1,0.85,10.0,10000.0,0.938,0.494
hermes.p.no-vmsub.zxpt.k+.311,1 / 1 / 2 / 2001,52.657444,3.035335072113127,1.0,4.47213595499958,0.4100563,0.35,0.6,0.4160867,0.375,0.475,0.394984,0.35,0.45,0.2977557,0.07464601,0.1342454,0.004432609763022528,0.07388005301514396,True,0.1,0.85,10.0,10000.0,0.938,0.494
hermes.p.no-vmsub.zxpt.k+.312,1 / 1 / 2 / 2001,52.657444,3.035335072113127,1.0,4.47213595499958,0.4100563,0.35,0.6,0.422309,0.375,0.475,0.5178614,0.45,0.6,0.2251056,0.04974489,0.101457,0.0033510870833742016,0.049253368676762666,True,0.1,0.85,10.0,10000.0,0.938,0.494
hermes.p.no-vmsub.zxpt.k+.313,1 / 1 / 2 / 2001,52.657444,3.035335072113127,1.0,4.47213595499958,0.4100563,0.35,0.6,0.4271252,0.375,0.475,0.678655,0.6,0.8,0.09898593,0.03488176,0.0446201,0.0014735771631571267,0.03694002650757198,True,0.1,0.85,10.0,10000.0,0.938,0.494
hermes.p.no-vmsub.zxpt.k+.314,1 / 1 / 2 / 2001,52.657444,3.0352512251871344,1.0,4.47213595499958,0.409992,0.35,0.6,0.423696,0.375,0.475,0.9259649,0.8,1.2,0.04417462,0.01721718,0.01991206,0.0006576157967414567,0.018470013253786,True,0.1,0.85,10.0,10000.0,0.938,0.494
hermes.p.no-vmsub.zxpt.k+.315,1 / 1 / 2 / 2001,52.657444,3.035335072113127,1.0,4.47213595499958,0.4100563,0.35,0.6,0.5322727,0.475,0.6,0.1022764,0.0,0.15,0.1419098,0.03046702,0.06372147,0.0021125733779355834,0.03940269494141012,True,0.1,0.85,10.0,10000.0,0.938,0.494
hermes.p.no-vmsub.zxpt.k+.316,1 / 1 / 2 / 2001,52.657444,3.035335072113127,1.0,4.47213595499958,0.4100563,0.35,0.6,0.5315092,0.475,0.6,0.2095885,0.15,0.25,0.2035171,0.05097719,0.0393201,0.0030297048365557134,0.05910404241211517,True,0.1,0.85,10.0,10000.0,0.938,0.494
hermes.p.no-vmsub.zxpt.k+.317,1 / 1 / 2 / 2001,52.657444,3.035335072113127,1.0,4.47213595499958,0.4100563,0.35,0.6,0.534162,0.475,0.6,0.30391,0.25,0.35,0.1634402,0.057211,0.005712216,0.0024330907055359627,0.059104042412115185,True,0.1,0.85,10.0,10000.0,0.938,0.494
hermes.p.no-vmsub.zxpt.k+.318,1 / 1 / 2 / 2001,52.657444,3.035335072113127,1.0,4.47213595499958,0.4100563,0.35,0.6,0.534764,0.475,0.6,0.3965045,0.35,0.45,0.2424094,0.05570177,0.03968629,0.003608684143035492,0.05910404241211515,True,0.1,0.85,10.0,10000.0,0.938,0.494
hermes.p.no-vmsub.zxpt.k+.319,1 / 1 / 2 / 2001,52.657444,3.0345668554177547,1.0,4.47213595499958,0.4100822,0.35,0.6,0.5259878,0.475,0.6,0.5316504,0.45,0.6,0.127296,0.05069274,0.02084039,0.0018950216314707513,0.039402694941410125,True,0.1,0.85,10.0,10000.0,0.938,0.494
hermes.p.no-vmsub.zxpt.k+.320,1 / 1 / 2 / 2001,52.657444,3.035335072113127,1.0,4.47213595499958,0.4100563,0.35,0.6,0.5393638,0.475,0.6,0.6926223,0.6,0.8,0.1095945,0.02477508,0.03964609,0.0016315041178844682,0.029552021206057575,True,0.1,0.85,10.0,10000.0,0.938,0.494
hermes.p.no-vmsub.zxpt.k+.321,1 / 1 / 2 / 2001,52.657444,3.0352512251871344,1.0,4.47213595499958,0.409992,0.35,0.6,0.5221796,0.475,0.6,0.8557504,0.8,1.2,0.01393792,0.009795934,0.005044967,0.00020749010100638523,0.014776010603028796,True,0.1,0.85,10.0,10000.0,0.938,0.494
hermes.p.no-vmsub.zxpt.k+.322,1 / 1 / 2 / 2001,52.657444,3.035335072113127,1.0,4.47213595499958,0.4100563,0.35,0.6,0.6677928,0.6,0.8,0.08521775,0.0,0.15,0.03881345,0.0144323,0.0140011,0.000577805487540916,0.024626684338381312,True,0.1,0.85,10.0,10000.0,0.938,0.494
hermes.p.no-vmsub.zxpt.k+.323,1 / 1 / 2 / 2001,52.657444,3.03616023951306,1.0,4.47213595499958,0.4100285,0.35,0.6,0.6665624,0.6,0.8,0.1997586,0.15,0.25,0.05128223,0.04105043,0.01850552,0.0007634248928486229,0.03694002650757197,True,0.1,0.85,10.0,10000.0,0.938,0.494
hermes.p.no-vmsub.zxpt.k+.324,1 / 1 / 2 / 2001,52.657444,3.035335072113127,1.0,4.47213595499958,0.4100563,0.35,0.6,0.6785535,0.6,0.8,0.3013286,0.25,0.35,0.1018992,0.03290116,0.03680226,0.0015169462373488907,0.03694002650757198,True,0.1,0.85,10.0,10000.0,0.938,0.494
hermes.p.no-vmsub.zxpt.k+.325,1 / 1 / 2 / 2001,52.657444,3.035335072113127,1.0,4.47213595499958,0.4100563,0.35,0.6,0.68236,0.6,0.8,0.3943826,0.35,0.45,0.07772809,0.03605227,0.02808283,0.001157117363647761,0.03694002650757196,True,0.1,0.85,10.0,10000.0,0.938,0.494
hermes.p.no-vmsub.zxpt.k+.326,1 / 1 / 2 / 2001,52.657444,3.035335072113127,1.0,4.47213595499958,0.4100563,0.35,0.6,0.6737194,0.6,0.8,0.5151091,0.45,0.6,0.09497214,0.02362007,0.03432252,0.001413824940980617,0.02462668433838132,True,0.1,0.85,10.0,10000.0,0.938,0.494
hermes.p.no-vmsub.zxpt.k+.327,1 / 1 / 2 / 2001,52.657444,3.0352512251871344,1.0,4.47213595499958,0.409992,0.35,0.6,0.6767802,0.6,0.8,0.6880272,0.6,0.8,0.05791117,0.01639325,0.02836098,0.0008621081562168491,0.01847001325378598,True,0.1,0.85,10.0,10000.0,0.938,0.494
hermes.p.no-vmsub.zxpt.k+.328,1 / 1 / 2 / 2001,52.657444,3.0352512251871344,1.0,4.47213595499958,0.409992,0.35,0.6,0.6939973,0.6,0.8,0.9096753,0.8,1.2,0.01321963,0.006268398,0.00647382,0.00019679710917891913,0.009235006626892995,True,0.1,0.85,10.0,10000.0,0.938,0.494
hermes.p.no-vmsub.zxpt.k+.329,1 / 1 / 2 / 2001,52.657444,3.0345668554177547,1.0,4.47213595499958,0.4100822,0.35,0.6,0.8582909,0.8,1.1,0.09600587,0.0,0.15,0.01805703,0.01076023,0.008842758,0.0002688101939583043,0.01641778955892088,True,0.1,0.85,10.0,10000.0,0.938,0.494
hermes.p.no-vmsub.zxpt.k+.330,1 / 1 / 2 / 2001,52.657444,3.035335072113127,1.0,4.47213595499958,0.4100563,0.35,0.6,0.8818698,0.8,1.1,0.2071535,0.15,0.25,0.02559122,0.01291328,0.01251533,0.0003809696728548181,0.02462668433838132,True,0.1,0.85,10.0,10000.0,0.938,0.494
hermes.p.no-vmsub.zxpt.k+.331,1 / 1 / 2 / 2001,52.657444,3.0341591916048176,1.0,4.47213595499958,0.4099481,0.35,0.6,0.9036481,0.8,1.1,0.3085943,0.25,0.35,0.01563956,0.02012705,0.007648495,0.00023282196225085395,0.024626684338381322,True,0.1,0.85,10.0,10000.0,0.938,0.494
hermes.p.no-vmsub.zxpt.k+.332,1 / 1 / 2 / 2001,52.657444,3.035335072113127,1.0,4.47213595499958,0.4100563,0.35,0.6,0.9021348,0.8,1.1,0.3919894,0.35,0.45,0.04085832,0.01641831,0.02001114,0.0006082469223349832,0.02462668433838131,True,0.1,0.85,10.0,10000.0,0.938,0.494
hermes.p.no-vmsub.zxpt.k+.333,1 / 1 / 2 / 2001,52.657444,3.0361233505903544,1.0,4.47213595499958,0.4101289,0.35,0.6,0.8830205,0.8,1.1,0.5368534,0.45,0.6,0.005649974,0.01313124,0.002770777,8.410965739102035e-05,0.01641778955892088,True,0.1,0.85,10.0,10000.0,0.938,0.494
hermes.p.no-vmsub.zxpt.k+.334,1 / 1 / 2 / 2001,52.657444,3.035335072113127,1.0,4.47213595499958,0.4100563,0.35,0.6,0.8317327,0.8,1.1,0.6556321,0.6,0.8,0.01916035,0.007930758,0.009383611,0.0002852350247969348,0.012313342169190654,True,0.1,0.85,10.0,10000.0,0.938,0.494
hermes.p.no-vmsub.zxpt.k+.335,1 / 1 / 2 / 2001,52.657444,3.0361233505903544,1.0,4.47213595499958,0.4101289,0.35,0.6,0.8255713,0.8,1.1,0.9014377,0.8,1.2,0.007031921,0.005325939,0.003444768,0.00010468233413299269,0.006156671084595331,True,0.1,0.85,10.0,10000.0,0.938,0.494
